station_id,name,short_name,lat,lon,region_id,rental_methods/0,rental_methods/1,capacity,rental_url,eightd_has_key_dispenser,eightd_station_services/0/id,eightd_station_services/0/service_type,eightd_station_services/0/bikes_availability,eightd_station_services/0/docks_availability,eightd_station_services/0/name,eightd_station_services/0/description,eightd_station_services/0/schedule_description,eightd_station_services/0/link_for_more_info
1,Eads St & 15th St S,31000,38.858971,-77.05323,41,CREDITCARD,KEY,15,http://app.capitalbikeshare.com/vIiR/zVsfTIsOTF?station_id=1,false,,,,,,,,
2,18th & Eads St.,31001,38.85725,-77.05332,41,CREDITCARD,KEY,11,http://app.capitalbikeshare.com/vIiR/zVsfTIsOTF?station_id=2,false,,,,,,,,
3,20th & Crystal Dr,31002,38.856425,-77.049232,41,CREDITCARD,KEY,17,http://app.capitalbikeshare.com/vIiR/zVsfTIsOTF?station_id=3,false,,,,,,,,
4,15th & Crystal Dr,31003,38.86017,-77.049593,41,CREDITCARD,KEY,11,http://app.capitalbikeshare.com/vIiR/zVsfTIsOTF?station_id=4,false,,,,,,,,
5,Aurora Hills Community Ctr/18th & Hayes St,31004,38.857866,-77.05949,41,CREDITCARD,KEY,11,http://app.capitalbikeshare.com/vIiR/zVsfTIsOTF?station_id=5,false,,,,,,,,
6,Pentagon City Metro / 12th & S Hayes St,31005,38.862303,-77.059936,41,CREDITCARD,KEY,19,http://app.capitalbikeshare.com/vIiR/zVsfTIsOTF?station_id=6,true,,,,,,,,
7,S Joyce & Army Navy Dr,31006,38.8637,-77.0633,41,CREDITCARD,KEY,15,http://app.capitalbikeshare.com/vIiR/zVsfTIsOTF?station_id=7,false,,,,,,,,
8,Crystal City Metro / 18th & Bell St,31007,38.85740496261504,-77.05113172531128,41,CREDITCARD,KEY,19,http://app.capitalbikeshare.com/vIiR/zVsfTIsOTF?station_id=8,true,,,,,,,,
9,12th & Army Navy Dr,31008,38.8629,-77.0528,41,CREDITCARD,KEY,11,http://app.capitalbikeshare.com/vIiR/zVsfTIsOTF?station_id=9,false,,,,,,,,
10,27th & Crystal Dr,31009,38.848441,-77.051516,41,CREDITCARD,KEY,19,http://app.capitalbikeshare.com/vIiR/zVsfTIsOTF?station_id=10,false,,,,,,,,
11,S Glebe & Potomac Ave,31010,38.8426,-77.0502,41,CREDITCARD,KEY,11,http://app.capitalbikeshare.com/vIiR/zVsfTIsOTF?station_id=11,false,,,,,,,,
12,23rd & Crystal Dr,31011,38.8533,-77.0498,41,CREDITCARD,KEY,17,http://app.capitalbikeshare.com/vIiR/zVsfTIsOTF?station_id=12,false,,,,,,,,
13,26th & S Clark St,31012,38.850688,-77.05152,41,CREDITCARD,KEY,11,http://app.capitalbikeshare.com/vIiR/zVsfTIsOTF?station_id=13,false,,,,,,,,
14,19th St & Pennsylvania Ave NW,31100,38.9003,-77.0429,42,CREDITCARD,KEY,15,http://app.capitalbikeshare.com/vIiR/zVsfTIsOTF?station_id=14,false,,,,,,,,
15,14th & V St NW,31101,38.9176,-77.0321,42,CREDITCARD,KEY,27,http://app.capitalbikeshare.com/vIiR/zVsfTIsOTF?station_id=15,false,,,,,,,,
16,11th & Kenyon St NW,31102,38.929464,-77.027822,42,CREDITCARD,KEY,27,http://app.capitalbikeshare.com/vIiR/zVsfTIsOTF?station_id=16,false,,,,,,,,
17,16th & Harvard St NW,31103,38.926088,-77.036536,42,CREDITCARD,KEY,33,http://app.capitalbikeshare.com/vIiR/zVsfTIsOTF?station_id=17,false,,,,,,,,
18,Adams Mill & Columbia Rd NW,31104,38.922925,-77.042581,42,CREDITCARD,KEY,15,http://app.capitalbikeshare.com/vIiR/zVsfTIsOTF?station_id=18,false,,,,,,,,
19,14th & Harvard St NW,31105,38.9268,-77.0322,42,CREDITCARD,KEY,19,http://app.capitalbikeshare.com/vIiR/zVsfTIsOTF?station_id=19,false,,,,,,,,
20,Calvert & Biltmore St NW,31106,38.923203,-77.047637,42,CREDITCARD,KEY,23,http://app.capitalbikeshare.com/vIiR/zVsfTIsOTF?station_id=20,false,,,,,,,,
21,Lamont & Mt Pleasant NW,31107,38.9319,-77.0388,42,CREDITCARD,KEY,19,http://app.capitalbikeshare.com/vIiR/zVsfTIsOTF?station_id=21,false,,,,,,,,
22,4th & M St SW,31108,38.8767,-77.0178,42,CREDITCARD,KEY,23,http://app.capitalbikeshare.com/vIiR/zVsfTIsOTF?station_id=22,false,,,,,,,,
23,15th & P St NW,31201,38.90985,-77.034438,42,CREDITCARD,KEY,19,http://app.capitalbikeshare.com/vIiR/zVsfTIsOTF?station_id=23,false,,,,,,,,
24,14th & R St NW,31202,38.912682,-77.031681,42,CREDITCARD,KEY,15,http://app.capitalbikeshare.com/vIiR/zVsfTIsOTF?station_id=24,false,,,,,,,,
25,14th & Rhode Island Ave NW,31203,38.9086,-77.0323,42,CREDITCARD,KEY,23,http://app.capitalbikeshare.com/vIiR/zVsfTIsOTF?station_id=25,false,,,,,,,,
26,20th & E St NW,31204,38.8963,-77.045,42,CREDITCARD,KEY,15,http://app.capitalbikeshare.com/vIiR/zVsfTIsOTF?station_id=26,false,,,,,,,,
27,21st & I St NW,31205,38.9008,-77.047,42,CREDITCARD,KEY,35,http://app.capitalbikeshare.com/vIiR/zVsfTIsOTF?station_id=27,false,f80c9dd5-05b9-46a2-a9de-eaee9141f8f1,ATTENDED_SERVICE,LIMITED,LIMITED,Bike Corral ,8a-1p M-F except Federal holidays,,https://help.capitalbikeshare.com/hc/en-us/articles/115001475712-Bike-Corrals
28,Georgia & New Hampshire Ave NW,31400,38.936043,-77.024649,42,CREDITCARD,KEY,15,http://app.capitalbikeshare.com/vIiR/zVsfTIsOTF?station_id=28,false,,,,,,,,
29,14th St & Spring Rd NW,31401,38.9375,-77.0328,42,CREDITCARD,KEY,11,http://app.capitalbikeshare.com/vIiR/zVsfTIsOTF?station_id=29,false,,,,,,,,
30,John McCormack Dr & Michigan Ave NE,31502,38.9346,-76.9955,42,CREDITCARD,KEY,11,http://app.capitalbikeshare.com/vIiR/zVsfTIsOTF?station_id=30,false,,,,,,,,
31,5th & K St NW,31600,38.90304,-77.019027,42,CREDITCARD,KEY,19,http://app.capitalbikeshare.com/vIiR/zVsfTIsOTF?station_id=31,false,,,,,,,,
32,19th & East Capitol St SE,31601,38.8896,-76.9769,42,CREDITCARD,KEY,15,http://app.capitalbikeshare.com/vIiR/zVsfTIsOTF?station_id=32,false,,,,,,,,
33,Park Rd & Holmead Pl NW,31602,38.9308,-77.0315,42,CREDITCARD,KEY,19,http://app.capitalbikeshare.com/vIiR/zVsfTIsOTF?station_id=33,false,,,,,,,,
34,Good Hope & Naylor Rd SE,31700,38.8601,-76.9672,42,CREDITCARD,KEY,11,http://app.capitalbikeshare.com/vIiR/zVsfTIsOTF?station_id=34,false,,,,,,,,
35,Connecticut Ave & Newark St NW / Cleveland Park,31305,38.934267,-77.057979,42,CREDITCARD,KEY,11,http://app.capitalbikeshare.com/vIiR/zVsfTIsOTF?station_id=35,false,,,,,,,,
36,Randle Circle & Minnesota Ave SE,31702,38.878,-76.9607,42,CREDITCARD,KEY,11,http://app.capitalbikeshare.com/vIiR/zVsfTIsOTF?station_id=36,false,,,,,,,,
37,Minnesota Ave Metro/DOES,31703,38.897063,-76.947446,42,CREDITCARD,KEY,15,http://app.capitalbikeshare.com/vIiR/zVsfTIsOTF?station_id=37,false,,,,,,,,
38,Nannie Helen Burroughs & Minnesota Ave NE,31704,38.901385,-76.941877,42,CREDITCARD,KEY,11,http://app.capitalbikeshare.com/vIiR/zVsfTIsOTF?station_id=38,false,,,,,,,,
39,Anacostia Metro,31801,38.862669,-76.994637,42,CREDITCARD,KEY,11,http://app.capitalbikeshare.com/vIiR/zVsfTIsOTF?station_id=39,false,,,,,,,,
40,Good Hope Rd & MLK Ave SE,31802,38.867373,-76.988039,42,CREDITCARD,KEY,11,http://app.capitalbikeshare.com/vIiR/zVsfTIsOTF?station_id=40,false,,,,,,,,
41,19th & E Street NW,31206,38.8952,-77.0436,42,CREDITCARD,KEY,11,http://app.capitalbikeshare.com/vIiR/zVsfTIsOTF?station_id=41,false,,,,,,,,
42,4th & W St NE,31500,38.919077,-77.000648,42,CREDITCARD,KEY,15,http://app.capitalbikeshare.com/vIiR/zVsfTIsOTF?station_id=42,false,,,,,,,,
43,10th & U St NW,31111,38.9172,-77.0259,42,CREDITCARD,KEY,15,http://app.capitalbikeshare.com/vIiR/zVsfTIsOTF?station_id=43,false,,,,,,,,
44,Georgia Ave and Fairmont St NW,31207,38.9249,-77.0222,42,CREDITCARD,KEY,11,http://app.capitalbikeshare.com/vIiR/zVsfTIsOTF?station_id=44,false,,,,,,,,
45,1st & N St  SE,31209,38.8743,-77.0057,42,CREDITCARD,KEY,39,http://app.capitalbikeshare.com/vIiR/zVsfTIsOTF?station_id=45,false,,,,,,,,
46,20th St & Florida Ave NW,31110,38.9154,-77.0446,42,CREDITCARD,KEY,15,http://app.capitalbikeshare.com/vIiR/zVsfTIsOTF?station_id=46,false,,,,,,,,
47,7th & T St NW,31109,38.9155,-77.0222,42,CREDITCARD,KEY,15,http://app.capitalbikeshare.com/vIiR/zVsfTIsOTF?station_id=47,false,,,,,,,,
48,Eads & 22nd St S,31013,38.85438051517749,-77.05341160297394,41,CREDITCARD,KEY,15,http://app.capitalbikeshare.com/vIiR/zVsfTIsOTF?station_id=48,false,,,,,,,,
49,M St & New Jersey Ave SE,31208,38.8763,-77.0037,42,CREDITCARD,KEY,17,http://app.capitalbikeshare.com/vIiR/zVsfTIsOTF?station_id=49,false,,,,,,,,
51,Massachusetts Ave & Dupont Circle NW,31200,38.9101,-77.0444,42,CREDITCARD,KEY,45,http://app.capitalbikeshare.com/vIiR/zVsfTIsOTF?station_id=51,false,,,,,,,,
52,1st & M St NE,31603,38.9057,-77.0056,42,CREDITCARD,KEY,15,http://app.capitalbikeshare.com/vIiR/zVsfTIsOTF?station_id=52,false,,,,,,,,
53,21st & M St NW,31212,38.90534,-77.046774,42,CREDITCARD,KEY,19,http://app.capitalbikeshare.com/vIiR/zVsfTIsOTF?station_id=53,false,,,,,,,,
54,17th & K St NW,31213,38.90276,-77.03863,42,CREDITCARD,KEY,23,http://app.capitalbikeshare.com/vIiR/zVsfTIsOTF?station_id=54,false,,,,,,,,
55,3rd & H St NW,31604,38.899408,-77.015289,42,CREDITCARD,KEY,15,http://app.capitalbikeshare.com/vIiR/zVsfTIsOTF?station_id=55,false,,,,,,,,
56,3rd & D St SE,31605,38.8851,-77.0023,42,CREDITCARD,KEY,11,http://app.capitalbikeshare.com/vIiR/zVsfTIsOTF?station_id=56,false,,,,,,,,
57,Potomac & Pennsylvania Ave SE,31606,38.8803,-76.9862,42,CREDITCARD,KEY,15,http://app.capitalbikeshare.com/vIiR/zVsfTIsOTF?station_id=57,false,,,,,,,,
58,14th & D St SE,31607,38.884,-76.9861,42,CREDITCARD,KEY,15,http://app.capitalbikeshare.com/vIiR/zVsfTIsOTF?station_id=58,false,,,,,,,,
59,17th & Corcoran St NW,31214,38.9121,-77.0387,42,CREDITCARD,KEY,19,http://app.capitalbikeshare.com/vIiR/zVsfTIsOTF?station_id=59,false,,,,,,,,
60,Van Ness Metro / UDC,31300,38.944551,-77.063896,42,CREDITCARD,KEY,15,http://app.capitalbikeshare.com/vIiR/zVsfTIsOTF?station_id=60,false,,,,,,,,
61,Florida Ave & R St NW,31503,38.9126,-77.0135,42,CREDITCARD,KEY,15,http://app.capitalbikeshare.com/vIiR/zVsfTIsOTF?station_id=61,false,,,,,,,,
62,8th & Eye St SE / Barracks Row,31608,38.8792,-76.9953,42,CREDITCARD,KEY,11,http://app.capitalbikeshare.com/vIiR/zVsfTIsOTF?station_id=62,false,,,,,,,,
63,Ward Circle / American University,31301,38.938736,-77.087171,42,CREDITCARD,KEY,15,http://app.capitalbikeshare.com/vIiR/zVsfTIsOTF?station_id=63,false,,,,,,,,
64,Wisconsin Ave & Newark St NW,31302,38.934881,-77.072755,42,CREDITCARD,KEY,19,http://app.capitalbikeshare.com/vIiR/zVsfTIsOTF?station_id=64,false,,,,,,,,
65,14th St Heights / 14th & Crittenden St NW,31402,38.947774,-77.032818,42,CREDITCARD,KEY,11,http://app.capitalbikeshare.com/vIiR/zVsfTIsOTF?station_id=65,false,,,,,,,,
66,Anacostia Library,31804,38.865784,-76.9784,42,CREDITCARD,KEY,11,http://app.capitalbikeshare.com/vIiR/zVsfTIsOTF?station_id=66,false,,,,,,,,
67,Pennsylvania & Minnesota Ave SE,31805,38.873057,-76.971015,42,CREDITCARD,KEY,11,http://app.capitalbikeshare.com/vIiR/zVsfTIsOTF?station_id=67,false,,,,,,,,
68,Eastern Market / 7th & North Carolina Ave SE,31610,38.886952,-76.996806,42,CREDITCARD,KEY,15,http://app.capitalbikeshare.com/vIiR/zVsfTIsOTF?station_id=68,false,,,,,,,,
69,14th St & New York Ave NW,31216,38.899632,-77.031686,42,CREDITCARD,KEY,23,http://app.capitalbikeshare.com/vIiR/zVsfTIsOTF?station_id=69,false,,,,,,,,
70,Benning Branch Library,31705,38.894,-76.947974,42,CREDITCARD,KEY,11,http://app.capitalbikeshare.com/vIiR/zVsfTIsOTF?station_id=70,false,,,,,,,,
71,USDA / 12th & Independence Ave SW,31217,38.887237,-77.028226,42,CREDITCARD,KEY,39,http://app.capitalbikeshare.com/vIiR/zVsfTIsOTF?station_id=71,false,,,,,,,,
72,Georgetown Harbor / 30th St NW,31215,38.9022212,-77.059219,42,CREDITCARD,KEY,19,http://app.capitalbikeshare.com/vIiR/zVsfTIsOTF?station_id=72,false,,,,,,,,
73,12th & Newton St NE,31501,38.933668,-76.991016,42,CREDITCARD,KEY,11,http://app.capitalbikeshare.com/vIiR/zVsfTIsOTF?station_id=73,false,,,,,,,,
74,US Dept of State / Virginia Ave & 21st St NW,31220,38.894919,-77.046587,42,CREDITCARD,KEY,15,http://app.capitalbikeshare.com/vIiR/zVsfTIsOTF?station_id=74,false,,,,,,,,
75,L'Enfant Plaza / 7th & C St SW,31218,38.886266,-77.022241,42,CREDITCARD,KEY,15,http://app.capitalbikeshare.com/vIiR/zVsfTIsOTF?station_id=75,false,,,,,,,,
76,10th St & Constitution Ave NW,31219,38.893028,-77.026013,42,CREDITCARD,KEY,31,http://app.capitalbikeshare.com/vIiR/zVsfTIsOTF?station_id=76,false,,,,,,,,
77,Kennedy Center,31211,38.897293,-77.05557,42,CREDITCARD,KEY,19,http://app.capitalbikeshare.com/vIiR/zVsfTIsOTF?station_id=77,false,,,,,,,,
78,Eastern Market Metro / Pennsylvania Ave & 7th St SE,31613,38.884,-76.995397,42,CREDITCARD,KEY,19,http://app.capitalbikeshare.com/vIiR/zVsfTIsOTF?station_id=78,false,,,,,,,,
79,18th & M St NW,31221,38.90506687455313,-77.04177886247635,42,CREDITCARD,KEY,27,http://app.capitalbikeshare.com/vIiR/zVsfTIsOTF?station_id=79,false,,,,,,,,
80,Tenleytown / Wisconsin Ave & Albemarle St NW,31303,38.947607,-77.079382,42,CREDITCARD,KEY,15,http://app.capitalbikeshare.com/vIiR/zVsfTIsOTF?station_id=80,false,,,,,,,,
81,13th & H St NE,31611,38.900021783466954,-76.98842167854308,42,CREDITCARD,KEY,27,http://app.capitalbikeshare.com/vIiR/zVsfTIsOTF?station_id=81,false,,,,,,,,
82,5th & F St NW,31620,38.897222,-77.019347,42,CREDITCARD,KEY,31,http://app.capitalbikeshare.com/vIiR/zVsfTIsOTF?station_id=82,false,,,,,,,,
83,New York Ave & 15th St NW,31222,38.8991,-77.0337,42,CREDITCARD,KEY,19,http://app.capitalbikeshare.com/vIiR/zVsfTIsOTF?station_id=83,false,,,,,,,,
84,Convention Center / 7th & M St NW,31223,38.905737,-77.02227,42,CREDITCARD,KEY,23,http://app.capitalbikeshare.com/vIiR/zVsfTIsOTF?station_id=84,false,,,,,,,,
85,Harvard St & Adams Mill Rd NW,31112,38.927872,-77.043358,42,CREDITCARD,KEY,15,http://app.capitalbikeshare.com/vIiR/zVsfTIsOTF?station_id=85,false,,,,,,,,
86,19th & L St NW,31224,38.903407,-77.043648,42,CREDITCARD,KEY,15,http://app.capitalbikeshare.com/vIiR/zVsfTIsOTF?station_id=86,false,,,,,,,,
87,C & O Canal & Wisconsin Ave NW,31225,38.90375,-77.06269,42,CREDITCARD,KEY,23,http://app.capitalbikeshare.com/vIiR/zVsfTIsOTF?station_id=87,false,,,,,,,,
88,6th & Water St SW / SW Waterfront,31609,38.87675,-77.02127,42,CREDITCARD,KEY,19,http://app.capitalbikeshare.com/vIiR/zVsfTIsOTF?station_id=88,false,,,,,,,,
89,D St & Maryland Ave NE,31612,38.894758,-76.997114,42,CREDITCARD,KEY,23,http://app.capitalbikeshare.com/vIiR/zVsfTIsOTF?station_id=89,false,,,,,,,,
90,34th St & Wisconsin Ave NW,31226,38.916442,-77.0682,42,CREDITCARD,KEY,11,http://app.capitalbikeshare.com/vIiR/zVsfTIsOTF?station_id=90,false,,,,,,,,
91,13th St & New York Ave NW,31227,38.900283,-77.029822,42,CREDITCARD,KEY,23,http://app.capitalbikeshare.com/vIiR/zVsfTIsOTF?station_id=91,false,71b2e4df-a397-465a-bfa4-1ccdb19a4d11,ATTENDED_SERVICE,LIMITED,LIMITED,Bike Corral,8a-1p M-F except Federal holidays,,https://help.capitalbikeshare.com/hc/en-us/articles/115001475712-Bike-Corrals
92,8th & H St NW,31228,38.8997,-77.023086,42,CREDITCARD,KEY,33,http://app.capitalbikeshare.com/vIiR/zVsfTIsOTF?station_id=92,false,,,,,,,,
93,10th & Monroe St NE,31504,38.932514,-76.992889,42,CREDITCARD,KEY,11,http://app.capitalbikeshare.com/vIiR/zVsfTIsOTF?station_id=93,false,,,,,,,,
94,Eckington Pl & Q St NE,31505,38.910972,-77.00495,42,CREDITCARD,KEY,23,http://app.capitalbikeshare.com/vIiR/zVsfTIsOTF?station_id=94,false,,,,,,,,
95,6th & H St NE,31615,38.899972,-76.998347,42,CREDITCARD,KEY,23,http://app.capitalbikeshare.com/vIiR/zVsfTIsOTF?station_id=95,false,,,,,,,,
96,3rd & H St NE,31616,38.900412,-77.001949,42,CREDITCARD,KEY,19,http://app.capitalbikeshare.com/vIiR/zVsfTIsOTF?station_id=96,false,,,,,,,,
97,Bladensburg Rd & Benning Rd NE,31617,38.900413,-76.982872,42,CREDITCARD,KEY,15,http://app.capitalbikeshare.com/vIiR/zVsfTIsOTF?station_id=97,false,,,,,,,,
98,4th & East Capitol St NE,31618,38.889955,-77.000349,42,CREDITCARD,KEY,11,http://app.capitalbikeshare.com/vIiR/zVsfTIsOTF?station_id=98,false,,,,,,,,
99,Lincoln Park / 13th & East Capitol St NE ,31619,38.890461,-76.988355,42,CREDITCARD,KEY,25,http://app.capitalbikeshare.com/vIiR/zVsfTIsOTF?station_id=99,false,,,,,,,,
100,Branch & Pennsylvania Ave SE,31701,38.8692,-76.9599,42,CREDITCARD,KEY,11,http://app.capitalbikeshare.com/vIiR/zVsfTIsOTF?station_id=100,false,,,,,,,,
101,13th & D St NE,31622,38.894832,-76.987633,42,CREDITCARD,KEY,31,http://app.capitalbikeshare.com/vIiR/zVsfTIsOTF?station_id=101,false,,,,,,,,
102,New Hampshire Ave & T St NW,31229,38.91554,-77.03818,42,CREDITCARD,KEY,23,http://app.capitalbikeshare.com/vIiR/zVsfTIsOTF?station_id=102,false,,,,,,,,
103,Metro Center / 12th & G St NW,31230,38.898364,-77.027869,42,CREDITCARD,KEY,31,http://app.capitalbikeshare.com/vIiR/zVsfTIsOTF?station_id=103,false,,,,,,,,
104,14th & D St NW / Ronald Reagan Building,31231,38.894514,-77.031617,42,CREDITCARD,KEY,25,http://app.capitalbikeshare.com/vIiR/zVsfTIsOTF?station_id=104,false,,,,,,,,
105,7th & F St NW/Portrait Gallery,31232,38.89729557348138,-77.02218532562256,42,CREDITCARD,KEY,27,http://app.capitalbikeshare.com/vIiR/zVsfTIsOTF?station_id=105,false,,,,,,,,
106,17th & K St NW / Farragut Square,31233,38.902061,-77.038322,42,CREDITCARD,KEY,35,http://app.capitalbikeshare.com/vIiR/zVsfTIsOTF?station_id=106,false,557de184-caae-4695-9c61-9a2102506f02,ATTENDED_SERVICE,LIMITED,LIMITED,Bike Corral,8a-1p M-F except Federal holidays,"Bike Corral

",https://help.capitalbikeshare.com/hc/en-us/articles/115001475712-Bike-Corrals
107,20th & O St NW / Dupont South,31234,38.908905,-77.04478,42,CREDITCARD,KEY,19,http://app.capitalbikeshare.com/vIiR/zVsfTIsOTF?station_id=107,false,,,,,,,,
108,4th & D St NW / Judiciary Square,31621,38.895344,-77.016106,42,CREDITCARD,KEY,15,http://app.capitalbikeshare.com/vIiR/zVsfTIsOTF?station_id=108,false,,,,,,,,
109,19th St & Constitution Ave NW,31235,38.8923,-77.0436,42,CREDITCARD,KEY,35,http://app.capitalbikeshare.com/vIiR/zVsfTIsOTF?station_id=109,false,,,,,,,,
110,37th & O St NW / Georgetown University,31236,38.90774,-77.071652,42,CREDITCARD,KEY,23,http://app.capitalbikeshare.com/vIiR/zVsfTIsOTF?station_id=110,false,,,,,,,,
111,11th & H St NE,31614,38.899983,-76.991383,42,CREDITCARD,KEY,19,http://app.capitalbikeshare.com/vIiR/zVsfTIsOTF?station_id=111,false,,,,,,,,
112,25th St & Pennsylvania Ave NW,31237,38.903827,-77.053485,42,CREDITCARD,KEY,15,http://app.capitalbikeshare.com/vIiR/zVsfTIsOTF?station_id=112,false,,,,,,,,
113,Columbus Circle / Union Station,31623,38.89696,-77.00493,42,CREDITCARD,KEY,55,http://app.capitalbikeshare.com/vIiR/zVsfTIsOTF?station_id=113,false,,,,,,,,
114,North Capitol St & F St NW,31624,38.897446,-77.009888,42,CREDITCARD,KEY,23,http://app.capitalbikeshare.com/vIiR/zVsfTIsOTF?station_id=114,false,,,,,,,,
115,11th & M St NW,31266,38.905607,-77.027137,42,CREDITCARD,KEY,19,http://app.capitalbikeshare.com/vIiR/zVsfTIsOTF?station_id=115,false,,,,,,,,
116,36th & Calvert St NW / Glover Park,31304,38.922581,-77.070334,42,CREDITCARD,KEY,15,http://app.capitalbikeshare.com/vIiR/zVsfTIsOTF?station_id=116,false,,,,,,,,
117,14th & G St NW,31238,38.898069,-77.031823,42,CREDITCARD,KEY,23,http://app.capitalbikeshare.com/vIiR/zVsfTIsOTF?station_id=117,false,,,,,,,,
118,Potomac Ave & 35th St S,31052,38.844015,-77.050537,41,CREDITCARD,KEY,23,http://app.capitalbikeshare.com/vIiR/zVsfTIsOTF?station_id=118,false,,,,,,,,
124,Ohio Dr & West Basin Dr SW / MLK & FDR Memorials,31240,38.88412,-77.04657,42,CREDITCARD,KEY,23,http://app.capitalbikeshare.com/vIiR/zVsfTIsOTF?station_id=124,false,,,,,,,,
125,11th & F St NW,31262,38.897857,-77.026975,42,CREDITCARD,KEY,15,http://app.capitalbikeshare.com/vIiR/zVsfTIsOTF?station_id=125,false,,,,,,,,
126,23rd & E St NW ,31260,38.896104,-77.049882,42,CREDITCARD,KEY,19,http://app.capitalbikeshare.com/vIiR/zVsfTIsOTF?station_id=126,false,,,,,,,,
127,Lynn & 19th St North,31014,38.897315,-77.070993,41,CREDITCARD,KEY,31,http://app.capitalbikeshare.com/vIiR/zVsfTIsOTF?station_id=127,false,,,,,,,,
128,Rosslyn Metro / Wilson Blvd & Ft Myer Dr,31015,38.8946,-77.072305,41,CREDITCARD,KEY,19,http://app.capitalbikeshare.com/vIiR/zVsfTIsOTF?station_id=128,true,,,,,,,,
129,Clarendon Blvd & Pierce St,31016,38.893438,-77.076389,41,CREDITCARD,KEY,15,http://app.capitalbikeshare.com/vIiR/zVsfTIsOTF?station_id=129,false,,,,,,,,
130,Wilson Blvd & N Uhle St,31017,38.891696,-77.0846,41,CREDITCARD,KEY,15,http://app.capitalbikeshare.com/vIiR/zVsfTIsOTF?station_id=130,false,,,,,,,,
131,N Rhodes & 16th St N,31018,38.892164,-77.079375,41,CREDITCARD,KEY,11,http://app.capitalbikeshare.com/vIiR/zVsfTIsOTF?station_id=131,false,,,,,,,,
132,Fairfax Village,31706,38.86559,-76.952103,42,CREDITCARD,KEY,15,http://app.capitalbikeshare.com/vIiR/zVsfTIsOTF?station_id=132,false,,,,,,,,
133,21st St & Constitution Ave NW,31261,38.892459,-77.046567,42,CREDITCARD,KEY,15,http://app.capitalbikeshare.com/vIiR/zVsfTIsOTF?station_id=133,false,,,,,,,,
134,Wilson Blvd & N Edgewood St,31019,38.889,-77.0925,41,CREDITCARD,KEY,15,http://app.capitalbikeshare.com/vIiR/zVsfTIsOTF?station_id=134,false,,,,,,,,
135,Columbia Rd & Belmont St NW,31113,38.920669,-77.04368,42,CREDITCARD,KEY,19,http://app.capitalbikeshare.com/vIiR/zVsfTIsOTF?station_id=135,false,,,,,,,,
136,Rhode Island & Connecticut Ave NW,31239,38.905995699991145,-77.03980207443237,42,CREDITCARD,KEY,23,http://app.capitalbikeshare.com/vIiR/zVsfTIsOTF?station_id=136,false,,,,,,,,
137,Thomas Circle,31241,38.9059,-77.0325,42,CREDITCARD,KEY,33,http://app.capitalbikeshare.com/vIiR/zVsfTIsOTF?station_id=137,false,,,,,,,,
138,Wilson Blvd & Franklin Rd,31020,38.8904,-77.0889,41,CREDITCARD,KEY,11,http://app.capitalbikeshare.com/vIiR/zVsfTIsOTF?station_id=138,false,,,,,,,,
139,Clarendon Blvd & N Fillmore St,31021,38.8881,-77.09308,41,CREDITCARD,KEY,15,http://app.capitalbikeshare.com/vIiR/zVsfTIsOTF?station_id=139,false,,,,,,,,
140,Clarendon Metro / Wilson Blvd & N Highland St,31022,38.88786,-77.094875,41,CREDITCARD,KEY,17,http://app.capitalbikeshare.com/vIiR/zVsfTIsOTF?station_id=140,true,,,,,,,,
141,18th St & Pennsylvania Ave NW,31242,38.89968,-77.041539,42,CREDITCARD,KEY,27,http://app.capitalbikeshare.com/vIiR/zVsfTIsOTF?station_id=141,false,,,,,,,,
142,Maryland & Independence Ave SW,31243,38.887299,-77.018939,42,CREDITCARD,KEY,39,http://app.capitalbikeshare.com/vIiR/zVsfTIsOTF?station_id=142,false,30b8b61a-dd36-4de1-8709-bde3cfbaeef4,ATTENDED_SERVICE,LIMITED,LIMITED,Bike Corral, 8a-1p M-F except Federal holidays,8a-1p M-F except Federal holidays,https://help.capitalbikeshare.com/hc/en-us/articles/115001475712-Bike-Corrals
143,4th & E St SW,31244,38.88412,-77.017445,42,CREDITCARD,KEY,19,http://app.capitalbikeshare.com/vIiR/zVsfTIsOTF?station_id=143,false,,,,,,,,
144,3rd & G St SE,31625,38.881185,-77.001828,42,CREDITCARD,KEY,19,http://app.capitalbikeshare.com/vIiR/zVsfTIsOTF?station_id=144,false,,,,,,,,
145,7th & R St NW / Shaw Library,31245,38.912719,-77.022155,42,CREDITCARD,KEY,15,http://app.capitalbikeshare.com/vIiR/zVsfTIsOTF?station_id=145,false,,,,,,,,
146,9th & Upshur St NW,31404,38.9418,-77.0251,42,CREDITCARD,KEY,15,http://app.capitalbikeshare.com/vIiR/zVsfTIsOTF?station_id=146,false,,,,,,,,
147,1st & Rhode Island Ave NW,31506,38.915417,-77.012289,42,CREDITCARD,KEY,15,http://app.capitalbikeshare.com/vIiR/zVsfTIsOTF?station_id=147,false,,,,,,,,
148,Columbia Rd & Georgia Ave NW,31115,38.92812111132096,-77.0237946510315,42,CREDITCARD,KEY,19,http://app.capitalbikeshare.com/vIiR/zVsfTIsOTF?station_id=148,false,,,,,,,,
149,California St & Florida Ave NW,31116,38.917761,-77.04062,42,CREDITCARD,KEY,19,http://app.capitalbikeshare.com/vIiR/zVsfTIsOTF?station_id=149,false,,,,,,,,
150,Benning Rd & East Capitol St NE / Benning Rd Metro,31707,38.889935,-76.93723,42,CREDITCARD,KEY,19,http://app.capitalbikeshare.com/vIiR/zVsfTIsOTF?station_id=150,false,,,,,,,,
151,3000 Connecticut Ave NW / National Zoo,31307,38.930282,-77.055599,42,CREDITCARD,KEY,15,http://app.capitalbikeshare.com/vIiR/zVsfTIsOTF?station_id=151,false,,,,,,,,
152,Anacostia Ave & Benning Rd NE / River Terrace ,31708,38.896544,-76.96012,42,CREDITCARD,KEY,15,http://app.capitalbikeshare.com/vIiR/zVsfTIsOTF?station_id=152,false,,,,,,,,
153,M St & Pennsylvania Ave NW,31246,38.905126,-77.056887,42,CREDITCARD,KEY,19,http://app.capitalbikeshare.com/vIiR/zVsfTIsOTF?station_id=153,false,,,,,,,,
154,15th St & Massachusetts Ave SE,31626,38.88732,-76.983569,42,CREDITCARD,KEY,15,http://app.capitalbikeshare.com/vIiR/zVsfTIsOTF?station_id=154,false,,,,,,,,
155,Congress Heights Metro,31806,38.844711,-76.987823,42,CREDITCARD,KEY,15,http://app.capitalbikeshare.com/vIiR/zVsfTIsOTF?station_id=155,false,,,,,,,,
156,N Quincy St & Glebe Rd,31035,38.876393,-77.107735,41,CREDITCARD,KEY,11,http://app.capitalbikeshare.com/vIiR/zVsfTIsOTF?station_id=156,false,,,,,,,,
157,Barcroft Community Center,31033,38.85033657788445,-77.1009886264801,41,CREDITCARD,KEY,11,http://app.capitalbikeshare.com/vIiR/zVsfTIsOTF?station_id=157,false,,,,,,,,
158,N Veitch  & 20th St N,31029,38.896923,-77.086502,41,CREDITCARD,KEY,15,http://app.capitalbikeshare.com/vIiR/zVsfTIsOTF?station_id=158,false,,,,,,,,
159,10th & K St NW,31263,38.9024,-77.02622,42,CREDITCARD,KEY,23,http://app.capitalbikeshare.com/vIiR/zVsfTIsOTF?station_id=159,false,,,,,,,,
160,Fairfax Dr & Wilson Blvd,31023,38.885801,-77.097745,41,CREDITCARD,KEY,11,http://app.capitalbikeshare.com/vIiR/zVsfTIsOTF?station_id=160,false,,,,,,,,
161,Key Blvd & N Quinn St,31027,38.896015,-77.078107,41,CREDITCARD,KEY,11,http://app.capitalbikeshare.com/vIiR/zVsfTIsOTF?station_id=161,false,,,,,,,,
162,1st & K St SE,31628,38.87861,-77.006004,42,CREDITCARD,KEY,15,http://app.capitalbikeshare.com/vIiR/zVsfTIsOTF?station_id=162,false,,,,,,,,
163,39th & Calvert St NW / Stoddert,31306,38.922649,-77.077271,42,CREDITCARD,KEY,19,http://app.capitalbikeshare.com/vIiR/zVsfTIsOTF?station_id=163,false,,,,,,,,
164,1st & Washington Hospital Center NW,31507,38.928743,-77.012457,42,CREDITCARD,KEY,15,http://app.capitalbikeshare.com/vIiR/zVsfTIsOTF?station_id=164,false,,,,,,,,
165,Virginia Square Metro / N Monroe St & 9th St N,31024,38.882788,-77.103148,41,CREDITCARD,KEY,19,http://app.capitalbikeshare.com/vIiR/zVsfTIsOTF?station_id=165,false,,,,,,,,
166,Central Library / N Quincy St & 10th St N,31025,38.88397,-77.10783,41,CREDITCARD,KEY,11,http://app.capitalbikeshare.com/vIiR/zVsfTIsOTF?station_id=166,false,,,,,,,,
167,Washington Blvd & 10th St N,31026,38.884734,-77.093485,41,CREDITCARD,KEY,15,http://app.capitalbikeshare.com/vIiR/zVsfTIsOTF?station_id=167,false,,,,,,,,
168,Jefferson Dr & 14th St SW,31247,38.888553,-77.032429,42,CREDITCARD,KEY,23,http://app.capitalbikeshare.com/vIiR/zVsfTIsOTF?station_id=168,false,,,,,,,,
169,Smithsonian-National Mall / Jefferson Dr & 12th St SW,31248,38.888767,-77.02858,42,CREDITCARD,KEY,23,http://app.capitalbikeshare.com/vIiR/zVsfTIsOTF?station_id=169,false,,,,,,,,
170,George Mason Dr & Wilson Blvd,31036,38.87887,-77.1207,41,CREDITCARD,KEY,15,http://app.capitalbikeshare.com/vIiR/zVsfTIsOTF?station_id=170,false,,,,,,,,
171,6th St & Indiana Ave NW,31264,38.894573,-77.01994,42,CREDITCARD,KEY,19,http://app.capitalbikeshare.com/vIiR/zVsfTIsOTF?station_id=171,false,,,,,,,,
172,N Veitch & Key Blvd,31028,38.893241,-77.086045,41,CREDITCARD,KEY,11,http://app.capitalbikeshare.com/vIiR/zVsfTIsOTF?station_id=172,false,,,,,,,,
173,Lee Hwy & N Adams St,31030,38.89593,-77.089006,41,CREDITCARD,KEY,19,http://app.capitalbikeshare.com/vIiR/zVsfTIsOTF?station_id=173,false,,,,,,,,
174,15th & N Scott St,31031,38.89054,-77.08095,41,CREDITCARD,KEY,11,http://app.capitalbikeshare.com/vIiR/zVsfTIsOTF?station_id=174,false,,,,,,,,
175,Washington Blvd & 7th St N,31032,38.880834,-77.091129,41,CREDITCARD,KEY,11,http://app.capitalbikeshare.com/vIiR/zVsfTIsOTF?station_id=175,false,,,,,,,,
176,Ballston Metro / N Stuart & 9th St N,31037,38.881044,-77.111768,41,CREDITCARD,KEY,23,http://app.capitalbikeshare.com/vIiR/zVsfTIsOTF?station_id=176,true,,,,,,,,
177,N Randolph St & Fairfax Dr,31034,38.882629,-77.109366,41,CREDITCARD,KEY,11,http://app.capitalbikeshare.com/vIiR/zVsfTIsOTF?station_id=177,false,,,,,,,,
178,Jefferson Memorial,31249,38.879819,-77.037413,42,CREDITCARD,KEY,23,http://app.capitalbikeshare.com/vIiR/zVsfTIsOTF?station_id=178,false,,,,,,,,
179,Good Hope Rd & 14th St SE,31803,38.866611,-76.985238,42,CREDITCARD,KEY,15,http://app.capitalbikeshare.com/vIiR/zVsfTIsOTF?station_id=179,false,,,,,,,,
180,Glebe Rd & 11th St N,31038,38.883921,-77.116817,41,CREDITCARD,KEY,11,http://app.capitalbikeshare.com/vIiR/zVsfTIsOTF?station_id=180,false,,,,,,,,
181,Wilson Blvd & N Quincy St,31039,38.880012,-77.107854,41,CREDITCARD,KEY,15,http://app.capitalbikeshare.com/vIiR/zVsfTIsOTF?station_id=181,false,,,,,,,,
182,Fairfax Dr & Kenmore St,31040,38.884616,-77.10108,41,CREDITCARD,KEY,11,http://app.capitalbikeshare.com/vIiR/zVsfTIsOTF?station_id=182,false,,,,,,,,
183,Gallaudet / 8th St & Florida Ave NE,31508,38.90509,-76.9941,42,CREDITCARD,KEY,19,http://app.capitalbikeshare.com/vIiR/zVsfTIsOTF?station_id=183,false,,,,,,,,
185,20th & L St NW,31250,38.903584,-77.044789,42,CREDITCARD,KEY,19,http://app.capitalbikeshare.com/vIiR/zVsfTIsOTF?station_id=185,false,,,,,,,,
186,12th & L St NW,31251,38.903819,-77.0284,42,CREDITCARD,KEY,19,http://app.capitalbikeshare.com/vIiR/zVsfTIsOTF?station_id=186,false,,,,,,,,
187,21st St & Pennsylvania Ave NW,31252,38.901539,-77.046564,42,CREDITCARD,KEY,19,http://app.capitalbikeshare.com/vIiR/zVsfTIsOTF?station_id=187,false,,,,,,,,
188,19th & K St NW,31253,38.902204,-77.04337,42,CREDITCARD,KEY,23,http://app.capitalbikeshare.com/vIiR/zVsfTIsOTF?station_id=188,false,,,,,,,,
189,Prince St & Union St,31041,38.803124,-77.040363,40,CREDITCARD,KEY,19,http://app.capitalbikeshare.com/vIiR/zVsfTIsOTF?station_id=189,false,,,,,,,,
190,Market Square / King St & Royal St,31042,38.804718,-77.043363,40,CREDITCARD,KEY,15,http://app.capitalbikeshare.com/vIiR/zVsfTIsOTF?station_id=190,false,,,,,,,,
191,Saint Asaph St & Pendleton  St,31043,38.810743,-77.044664,40,CREDITCARD,KEY,15,http://app.capitalbikeshare.com/vIiR/zVsfTIsOTF?station_id=191,false,,,,,,,,
192,King St & Patrick St,31044,38.805317,-77.049883,40,CREDITCARD,KEY,15,http://app.capitalbikeshare.com/vIiR/zVsfTIsOTF?station_id=192,false,,,,,,,,
193,15th & K St NW,31254,38.902,-77.03353,42,CREDITCARD,KEY,27,http://app.capitalbikeshare.com/vIiR/zVsfTIsOTF?station_id=193,false,,,,,,,,
194,Commerce St & Fayette St,31045,38.805648,-77.05293,40,CREDITCARD,KEY,15,http://app.capitalbikeshare.com/vIiR/zVsfTIsOTF?station_id=194,false,,,,,,,,
195,Henry St & Pendleton St,31046,38.811456,-77.050276,40,CREDITCARD,KEY,17,http://app.capitalbikeshare.com/vIiR/zVsfTIsOTF?station_id=195,false,,,,,,,,
196,Braddock Rd Metro,31047,38.814577,-77.052808,40,CREDITCARD,KEY,29,http://app.capitalbikeshare.com/vIiR/zVsfTIsOTF?station_id=196,true,,,,,,,,
197,King St Metro South,31048,38.805767,-77.06072,40,CREDITCARD,KEY,23,http://app.capitalbikeshare.com/vIiR/zVsfTIsOTF?station_id=197,false,,,,,,,,
198,24th & N St NW,31255,38.9066,-77.05152,42,CREDITCARD,KEY,15,http://app.capitalbikeshare.com/vIiR/zVsfTIsOTF?station_id=198,false,,,,,,,,
199,10th & E St NW,31256,38.895914,-77.026064,42,CREDITCARD,KEY,15,http://app.capitalbikeshare.com/vIiR/zVsfTIsOTF?station_id=199,false,,,,,,,,
200,22nd & I St NW / Foggy Bottom,31257,38.90088,-77.048911,42,CREDITCARD,KEY,15,http://app.capitalbikeshare.com/vIiR/zVsfTIsOTF?station_id=200,false,,,,,,,,
201,Utah St & 11th St N ,31049,38.883669,-77.113905,41,CREDITCARD,KEY,11,http://app.capitalbikeshare.com/vIiR/zVsfTIsOTF?station_id=201,false,,,,,,,,
202,Barton St & 10th St N,31050,38.884961,-77.08777,41,CREDITCARD,KEY,11,http://app.capitalbikeshare.com/vIiR/zVsfTIsOTF?station_id=202,false,,,,,,,,
203,Arlington Blvd & N Queen St,31051,38.889365,-77.077294,41,CREDITCARD,KEY,11,http://app.capitalbikeshare.com/vIiR/zVsfTIsOTF?station_id=203,false,,,,,,,,
204,Lincoln Memorial,31258,38.888251,-77.049426,42,CREDITCARD,KEY,25,http://app.capitalbikeshare.com/vIiR/zVsfTIsOTF?station_id=204,false,,,,,,,,
206,20th St & Virginia Ave NW,31259,38.894722,-77.045128,42,CREDITCARD,KEY,15,http://app.capitalbikeshare.com/vIiR/zVsfTIsOTF?station_id=206,false,c01cfc2a-11ce-45fe-abdd-2f18e88249e9,ATTENDED_SERVICE,LIMITED,LIMITED,Bike Corral ,8a-1p M-F except Federal holidays,,https://help.capitalbikeshare.com/hc/en-us/articles/115001475712-Bike-Corrals
207,5th St & Massachusetts Ave NW,31265,38.90093,-77.018677,42,CREDITCARD,KEY,19,http://app.capitalbikeshare.com/vIiR/zVsfTIsOTF?station_id=207,false,,,,,,,,
208,39th & Veazey St NW,31308,38.943837,-77.077078,42,CREDITCARD,KEY,15,http://app.capitalbikeshare.com/vIiR/zVsfTIsOTF?station_id=208,false,,,,,,,,
209,Fessenden St & Wisconsin Ave NW,31309,38.954812,-77.082426,42,CREDITCARD,KEY,15,http://app.capitalbikeshare.com/vIiR/zVsfTIsOTF?station_id=209,false,,,,,,,,
210,M St & Delaware Ave NE,31627,38.905707,-77.003041,42,CREDITCARD,KEY,23,http://app.capitalbikeshare.com/vIiR/zVsfTIsOTF?station_id=210,false,,,,,,,,
211,Columbia Pike & S Courthouse Rd,31053,38.863833,-77.080319,41,CREDITCARD,KEY,15,http://app.capitalbikeshare.com/vIiR/zVsfTIsOTF?station_id=211,false,,,,,,,,
212,Walter Reed Community Center / Walter Reed Dr & 16th St S,31054,38.857803,-77.086733,41,CREDITCARD,KEY,11,http://app.capitalbikeshare.com/vIiR/zVsfTIsOTF?station_id=212,false,,,,,,,,
213,28th St S & S Meade St,31055,38.846222,-77.069275,41,CREDITCARD,KEY,15,http://app.capitalbikeshare.com/vIiR/zVsfTIsOTF?station_id=213,false,,,,,,,,
214,18th St & Wyoming Ave NW,31114,38.918809,-77.041571,42,CREDITCARD,KEY,23,http://app.capitalbikeshare.com/vIiR/zVsfTIsOTF?station_id=214,false,,,,,,,,
215,5th & Kennedy St NW,31403,38.956555547721955,-77.0198142528534,42,CREDITCARD,KEY,15,http://app.capitalbikeshare.com/vIiR/zVsfTIsOTF?station_id=215,false,,,,,,,,
216,Georgia Ave & Emerson St NW,31405,38.949662,-77.027333,42,CREDITCARD,KEY,19,http://app.capitalbikeshare.com/vIiR/zVsfTIsOTF?station_id=216,false,,,,,,,,
217,14th & Upshur St NW,31406,38.942016,-77.032652,42,CREDITCARD,KEY,19,http://app.capitalbikeshare.com/vIiR/zVsfTIsOTF?station_id=217,false,,,,,,,,
218,14th St & Colorado Ave NW,31407,38.956432,-77.032947,42,CREDITCARD,KEY,19,http://app.capitalbikeshare.com/vIiR/zVsfTIsOTF?station_id=218,false,,,,,,,,
219,S Troy St & 26th St S,31056,38.847977,-77.075104,41,CREDITCARD,KEY,11,http://app.capitalbikeshare.com/vIiR/zVsfTIsOTF?station_id=219,false,,,,,,,,
220,S Four Mile Run Dr & S Shirlington Rd,31057,38.8444,-77.085931,41,CREDITCARD,KEY,11,http://app.capitalbikeshare.com/vIiR/zVsfTIsOTF?station_id=220,false,,,,,,,,
221,S Oakland St & Columbia Pike,31058,38.860789,-77.09586,41,CREDITCARD,KEY,11,http://app.capitalbikeshare.com/vIiR/zVsfTIsOTF?station_id=221,false,,,,,,,,
222,S Four Mile Run & Walter Reed Dr,31059,38.84736,-77.095431,41,CREDITCARD,KEY,11,http://app.capitalbikeshare.com/vIiR/zVsfTIsOTF?station_id=222,false,,,,,,,,
223,S Arlington Mill Dr & Campbell Ave,31060,38.84232,-77.089555,41,CREDITCARD,KEY,15,http://app.capitalbikeshare.com/vIiR/zVsfTIsOTF?station_id=223,false,,,,,,,,
224,S Kenmore & 24th St S,31061,38.848454,-77.084918,41,CREDITCARD,KEY,11,http://app.capitalbikeshare.com/vIiR/zVsfTIsOTF?station_id=224,false,,,,,,,,
225,13th St & Eastern Ave,32006,38.987,-77.029417,44,CREDITCARD,KEY,15,http://app.capitalbikeshare.com/vIiR/zVsfTIsOTF?station_id=225,false,,,,,,,,
226,Wisconsin Ave & O St NW,31312,38.90849,-77.063586,42,CREDITCARD,KEY,19,http://app.capitalbikeshare.com/vIiR/zVsfTIsOTF?station_id=226,false,,,,,,,,
227,S George Mason Dr & 13th St S,31062,38.854691,-77.100555,41,CREDITCARD,KEY,11,http://app.capitalbikeshare.com/vIiR/zVsfTIsOTF?station_id=227,false,,,,,,,,
228,Connecticut & Nebraska Ave NW,31310,38.955016,-77.069956,42,CREDITCARD,KEY,23,http://app.capitalbikeshare.com/vIiR/zVsfTIsOTF?station_id=228,false,,,,,,,,
229,17th St & Massachusetts Ave NW,31267,38.908142,-77.038359,42,CREDITCARD,KEY,19,http://app.capitalbikeshare.com/vIiR/zVsfTIsOTF?station_id=229,false,,,,,,,,
230,15th & Euclid St  NW,31117,38.92333,-77.0352,42,CREDITCARD,KEY,15,http://app.capitalbikeshare.com/vIiR/zVsfTIsOTF?station_id=230,false,,,,,,,,
231,8th & East Capitol St NE,31629,38.889988,-76.995193,42,CREDITCARD,KEY,11,http://app.capitalbikeshare.com/vIiR/zVsfTIsOTF?station_id=231,false,,,,,,,,
232,New Jersey Ave & R St NW,31509,38.912659,-77.017669,42,CREDITCARD,KEY,15,http://app.capitalbikeshare.com/vIiR/zVsfTIsOTF?station_id=232,false,,,,,,,,
233,15th & East Capitol St NE,31630,38.889908,-76.983326,42,CREDITCARD,KEY,11,http://app.capitalbikeshare.com/vIiR/zVsfTIsOTF?station_id=233,false,,,,,,,,
234,8th & F St NE,31631,38.897274,-76.994749,42,CREDITCARD,KEY,15,http://app.capitalbikeshare.com/vIiR/zVsfTIsOTF?station_id=234,false,,,,,,,,
235,18th St & Rhode Island Ave NE,31510,38.927095,-76.978924,42,CREDITCARD,KEY,15,http://app.capitalbikeshare.com/vIiR/zVsfTIsOTF?station_id=235,false,,,,,,,,
236,15th & F St NE,31632,38.897195,-76.983575,42,CREDITCARD,KEY,19,http://app.capitalbikeshare.com/vIiR/zVsfTIsOTF?station_id=236,false,,,,,,,,
237,12th & Irving St NE,31511,38.928644,-76.990955,42,CREDITCARD,KEY,15,http://app.capitalbikeshare.com/vIiR/zVsfTIsOTF?station_id=237,false,,,,,,,,
239,Alabama & MLK Ave SE,31800,38.843222,-76.999388,42,CREDITCARD,KEY,11,http://app.capitalbikeshare.com/vIiR/zVsfTIsOTF?station_id=239,false,,,,,,,,
240,Pleasant St & MLK Ave SE,31807,38.863897,-76.990037,42,CREDITCARD,KEY,11,http://app.capitalbikeshare.com/vIiR/zVsfTIsOTF?station_id=240,false,,,,,,,,
241,Neal St & Trinidad Ave NE,31512,38.903732,-76.987211,42,CREDITCARD,KEY,15,http://app.capitalbikeshare.com/vIiR/zVsfTIsOTF?station_id=241,false,,,,,,,,
242,12th & U St NW,31268,38.916787,-77.028139,42,CREDITCARD,KEY,31,http://app.capitalbikeshare.com/vIiR/zVsfTIsOTF?station_id=242,false,,,,,,,,
243,S George Mason Dr & Four Mile Run,31063,38.852248,-77.105022,41,CREDITCARD,KEY,11,http://app.capitalbikeshare.com/vIiR/zVsfTIsOTF?station_id=243,false,,,,,,,,
244,S Stafford & 34th St S,31064,38.834108,-77.087323,41,CREDITCARD,KEY,11,http://app.capitalbikeshare.com/vIiR/zVsfTIsOTF?station_id=244,false,,,,,,,,
245,N Pershing Dr & Wayne St,31065,38.880705,-77.08596,41,CREDITCARD,KEY,11,http://app.capitalbikeshare.com/vIiR/zVsfTIsOTF?station_id=245,false,,,,,,,,
246,Columbia Pike & S Orme St,31066,38.867262,-77.072315,41,CREDITCARD,KEY,11,http://app.capitalbikeshare.com/vIiR/zVsfTIsOTF?station_id=246,false,,,,,,,,
247,3rd St & Pennsylvania Ave SE,31269,38.887378,-77.001955,42,CREDITCARD,KEY,15,http://app.capitalbikeshare.com/vIiR/zVsfTIsOTF?station_id=247,false,,,,,,,,
248,8th & D St NW,31270,38.894851,-77.02324,42,CREDITCARD,KEY,15,http://app.capitalbikeshare.com/vIiR/zVsfTIsOTF?station_id=248,false,,,,,,,,
249,3rd & Elm St NW,31118,38.917622,-77.01597,42,CREDITCARD,KEY,15,http://app.capitalbikeshare.com/vIiR/zVsfTIsOTF?station_id=249,false,,,,,,,,
250,Rhode Island Ave & V St NE,31513,38.918155,-77.004746,42,CREDITCARD,KEY,19,http://app.capitalbikeshare.com/vIiR/zVsfTIsOTF?station_id=250,false,,,,,,,,
251,Constitution Ave & 2nd St NW/DOL,31271,38.892275,-77.013917,42,CREDITCARD,KEY,27,http://app.capitalbikeshare.com/vIiR/zVsfTIsOTF?station_id=251,false,,,,,,,,
252,Washington & Independence Ave SW/HHS,31272,38.886978,-77.013769,42,CREDITCARD,KEY,31,http://app.capitalbikeshare.com/vIiR/zVsfTIsOTF?station_id=252,false,,,,,,,,
253,Independence Ave & L'Enfant Plaza SW/DOE,31633,38.887312,-77.025762,42,CREDITCARD,KEY,15,http://app.capitalbikeshare.com/vIiR/zVsfTIsOTF?station_id=253,false,,,,,,,,
254,Hamlin & 7th St NE,31514,38.927497,-76.997194,42,CREDITCARD,KEY,15,http://app.capitalbikeshare.com/vIiR/zVsfTIsOTF?station_id=254,false,,,,,,,,
255,Columbia Pike & S Walter Reed Dr,31067,38.862478,-77.086599,41,CREDITCARD,KEY,12,http://app.capitalbikeshare.com/vIiR/zVsfTIsOTF?station_id=255,false,,,,,,,,
256,Columbia Pike & S Dinwiddie St / Arlington Mill Community Center,31068,38.856319,-77.11153,41,CREDITCARD,KEY,15,http://app.capitalbikeshare.com/vIiR/zVsfTIsOTF?station_id=256,false,,,,,,,,
257,Pershing & N George Mason Dr,31069,38.871822,-77.107906,41,CREDITCARD,KEY,11,http://app.capitalbikeshare.com/vIiR/zVsfTIsOTF?station_id=257,false,,,,,,,,
258,Fenton St & New York Ave ,32001,38.985404,-77.023082,44,CREDITCARD,KEY,15,http://app.capitalbikeshare.com/vIiR/zVsfTIsOTF?station_id=258,false,,,,,,,,
259,Bethesda Ave & Arlington Rd,32002,38.981103,-77.097426,44,CREDITCARD,KEY,19,http://app.capitalbikeshare.com/vIiR/zVsfTIsOTF?station_id=259,false,,,,,,,,
260,Montgomery Ave & Waverly St ,32003,38.983838,-77.09221,44,CREDITCARD,KEY,11,http://app.capitalbikeshare.com/vIiR/zVsfTIsOTF?station_id=260,false,,,,,,,,
261,Fallsgrove Blvd & Fallsgrove Dr,32004,39.096312,-77.192672,43,CREDITCARD,KEY,19,http://app.capitalbikeshare.com/vIiR/zVsfTIsOTF?station_id=261,false,,,,,,,,
262,Traville Gateway Dr & Gudelsky Dr,32005,39.093783,-77.202501,43,CREDITCARD,KEY,19,http://app.capitalbikeshare.com/vIiR/zVsfTIsOTF?station_id=262,false,,,,,,,,
263,Norfolk Ave & Fairmont St,32000,38.988562,-77.096539,44,CREDITCARD,KEY,11,http://app.capitalbikeshare.com/vIiR/zVsfTIsOTF?station_id=263,false,,,,,,,,
264,E Montgomery Ave & Maryland Ave,32007,39.084125,-77.151291,43,CREDITCARD,KEY,15,http://app.capitalbikeshare.com/vIiR/zVsfTIsOTF?station_id=264,false,,,,,,,,
265,Cordell & Norfolk Ave,32008,38.98954,-77.098029,44,CREDITCARD,KEY,11,http://app.capitalbikeshare.com/vIiR/zVsfTIsOTF?station_id=265,false,,,,,,,,
266,Frederick Ave & Horners Ln,32009,39.094772,-77.145213,43,CREDITCARD,KEY,11,http://app.capitalbikeshare.com/vIiR/zVsfTIsOTF?station_id=266,false,,,,,,,,
267,Philadelphia & Maple Ave,32010,38.98128,-77.011336,44,CREDITCARD,KEY,15,http://app.capitalbikeshare.com/vIiR/zVsfTIsOTF?station_id=267,false,,,,,,,,
268,Maple & Ritchie Ave,32011,38.983627,-77.006311,44,CREDITCARD,KEY,19,http://app.capitalbikeshare.com/vIiR/zVsfTIsOTF?station_id=268,false,,,,,,,,
269,Silver Spring Metro/Colesville Rd & Wayne Ave,32012,38.99521,-77.02918,44,CREDITCARD,KEY,19,http://app.capitalbikeshare.com/vIiR/zVsfTIsOTF?station_id=269,false,,,,,,,,
270,Montgomery & East Ln,32013,38.983525,-77.095367,44,CREDITCARD,KEY,11,http://app.capitalbikeshare.com/vIiR/zVsfTIsOTF?station_id=270,false,,,,,,,,
271,Friendship Hts Metro/Wisconsin Ave & Wisconsin Cir,32014,38.961763,-77.085998,44,CREDITCARD,KEY,19,http://app.capitalbikeshare.com/vIiR/zVsfTIsOTF?station_id=271,false,,,,,,,,
272,14th & Belmont St NW,31119,38.921074,-77.031887,42,CREDITCARD,KEY,15,http://app.capitalbikeshare.com/vIiR/zVsfTIsOTF?station_id=272,false,,,,,,,,
273,3rd & Tingey St SE,31634,38.87501,-77.0024,42,CREDITCARD,KEY,19,http://app.capitalbikeshare.com/vIiR/zVsfTIsOTF?station_id=273,false,,,,,,,,
274,10th & Florida Ave NW,31120,38.920387,-77.025672,42,CREDITCARD,KEY,19,http://app.capitalbikeshare.com/vIiR/zVsfTIsOTF?station_id=274,false,,,,,,,,
275,Potomac Ave & 8th St SE,31635,38.876737,-76.994468,42,CREDITCARD,KEY,15,http://app.capitalbikeshare.com/vIiR/zVsfTIsOTF?station_id=275,false,,,,,,,,
276,Crabbs Branch Way & Redland Rd,32015,39.120045,-77.156985,43,CREDITCARD,KEY,15,http://app.capitalbikeshare.com/vIiR/zVsfTIsOTF?station_id=276,false,,,,,,,,
277,Fallsgrove Dr & W Montgomery Ave,32016,39.099376,-77.188014,43,CREDITCARD,KEY,15,http://app.capitalbikeshare.com/vIiR/zVsfTIsOTF?station_id=277,false,,,,,,,,
278,Monroe St & Monroe Pl,32017,39.083673,-77.149162,43,CREDITCARD,KEY,15,http://app.capitalbikeshare.com/vIiR/zVsfTIsOTF?station_id=278,false,,,,,,,,
279,Needwood Rd & Eagles Head Ct,32018,39.123513,-77.15741,43,CREDITCARD,KEY,15,http://app.capitalbikeshare.com/vIiR/zVsfTIsOTF?station_id=279,false,,,,,,,,
280,East West Hwy & Blair Mill Rd,32019,38.990249,-77.02935,44,CREDITCARD,KEY,15,http://app.capitalbikeshare.com/vIiR/zVsfTIsOTF?station_id=280,false,,,,,,,,
281,Crabbs Branch Way & Calhoun Pl,32020,39.107709,-77.152072,43,CREDITCARD,KEY,15,http://app.capitalbikeshare.com/vIiR/zVsfTIsOTF?station_id=281,false,,,,,,,,
282,47th & Elm St,32021,38.982456,-77.091991,44,CREDITCARD,KEY,15,http://app.capitalbikeshare.com/vIiR/zVsfTIsOTF?station_id=282,false,,,,,,,,
283,Garland Ave & Walden Rd,32022,39.000578,-77.00149,44,CREDITCARD,KEY,15,http://app.capitalbikeshare.com/vIiR/zVsfTIsOTF?station_id=283,false,,,,,,,,
284,Montgomery College/W Campus Dr & Mannakee St,32023,39.095661,-77.159048,43,CREDITCARD,KEY,21,http://app.capitalbikeshare.com/vIiR/zVsfTIsOTF?station_id=284,false,,,,,,,,
285,Fenton St & Gist Ave,32024,38.989724,-77.023854,44,CREDITCARD,KEY,11,http://app.capitalbikeshare.com/vIiR/zVsfTIsOTF?station_id=285,false,,,,,,,,
286,Carroll & Westmoreland Ave,32025,38.975,-77.01121,44,CREDITCARD,KEY,15,http://app.capitalbikeshare.com/vIiR/zVsfTIsOTF?station_id=286,false,,,,,,,,
287,Carroll & Ethan Allen Ave,32026,38.977933,-77.006472,44,CREDITCARD,KEY,15,http://app.capitalbikeshare.com/vIiR/zVsfTIsOTF?station_id=287,false,,,,,,,,
288,Battery Ln & Trolley Trail,32027,38.992375,-77.100104,44,CREDITCARD,KEY,15,http://app.capitalbikeshare.com/vIiR/zVsfTIsOTF?station_id=288,false,,,,,,,,
289,Norfolk & Rugby Ave,32028,38.990639,-77.100239,44,CREDITCARD,KEY,11,http://app.capitalbikeshare.com/vIiR/zVsfTIsOTF?station_id=289,false,,,,,,,,
290,Offutt Ln & Chevy Chase Dr,32029,38.977093,-77.094589,44,CREDITCARD,KEY,11,http://app.capitalbikeshare.com/vIiR/zVsfTIsOTF?station_id=290,false,,,,,,,,
291,Broschart & Blackwell Rd,32030,39.102099,-77.200322,43,CREDITCARD,KEY,15,http://app.capitalbikeshare.com/vIiR/zVsfTIsOTF?station_id=291,false,,,,,,,,
292,Taft St & E Gude Dr,32031,39.094103,-77.132954,43,CREDITCARD,KEY,15,http://app.capitalbikeshare.com/vIiR/zVsfTIsOTF?station_id=292,false,,,,,,,,
293,Fleet St & Ritchie Pkwy,32032,39.076331,-77.141378,43,CREDITCARD,KEY,15,http://app.capitalbikeshare.com/vIiR/zVsfTIsOTF?station_id=293,false,,,,,,,,
294,Piccard & W Gude Dr,32033,39.102212,-77.177091,43,CREDITCARD,KEY,19,http://app.capitalbikeshare.com/vIiR/zVsfTIsOTF?station_id=294,false,,,,,,,,
295,Ripley & Bonifant St,32034,38.992679,-77.029457,44,CREDITCARD,KEY,15,http://app.capitalbikeshare.com/vIiR/zVsfTIsOTF?station_id=295,false,,,,,,,,
296,Georgia Ave & Spring St,32035,38.999388,-77.031555,44,CREDITCARD,KEY,11,http://app.capitalbikeshare.com/vIiR/zVsfTIsOTF?station_id=296,false,,,,,,,,
297,Fenton St & Ellsworth Dr ,32036,38.997033,-77.025608,44,CREDITCARD,KEY,15,http://app.capitalbikeshare.com/vIiR/zVsfTIsOTF?station_id=297,false,,,,,,,,
298,King Farm Blvd & Pleasant Dr,32037,39.114688,-77.171487,43,CREDITCARD,KEY,18,http://app.capitalbikeshare.com/vIiR/zVsfTIsOTF?station_id=298,false,,,,,,,,
299,King Farm Blvd & Piccard Dr,32038,39.110314,-77.182669,43,CREDITCARD,KEY,15,http://app.capitalbikeshare.com/vIiR/zVsfTIsOTF?station_id=299,false,,,,,,,,
301,Calvert St & Woodley Pl NW,31121,38.923583,-77.050046,42,CREDITCARD,KEY,19,http://app.capitalbikeshare.com/vIiR/zVsfTIsOTF?station_id=301,false,,,,,,,,
302,New Jersey Ave & N St NW/Dunbar HS,31636,38.90706,-77.015231,42,CREDITCARD,KEY,19,http://app.capitalbikeshare.com/vIiR/zVsfTIsOTF?station_id=302,false,,,,,,,,
303,Nannie Helen Burroughs Ave & 49th St NE,31710,38.898536,-76.931862,42,CREDITCARD,KEY,11,http://app.capitalbikeshare.com/vIiR/zVsfTIsOTF?station_id=303,false,,,,,,,,
304,Deanwood Rec Center,31711,38.908473,-76.933099,42,CREDITCARD,KEY,15,http://app.capitalbikeshare.com/vIiR/zVsfTIsOTF?station_id=304,false,,,,,,,,
305,Hains Point/Buckeye & Ohio Dr SW,31273,38.878433,-77.03023,42,CREDITCARD,KEY,17,http://app.capitalbikeshare.com/vIiR/zVsfTIsOTF?station_id=305,false,,,,,,,,
306,Arlington Blvd & Fillmore St,31070,38.873755,-77.089233,41,CREDITCARD,KEY,11,http://app.capitalbikeshare.com/vIiR/zVsfTIsOTF?station_id=306,false,,,,,,,,
307,Long Bridge Park/Long Bridge Dr & 6th St S,31071,38.86646,-77.04826,41,CREDITCARD,KEY,11,http://app.capitalbikeshare.com/vIiR/zVsfTIsOTF?station_id=307,false,,,,,,,,
308,Old Georgetown Rd & Southwick St,32039,38.999634,-77.109647,44,CREDITCARD,KEY,19,http://app.capitalbikeshare.com/vIiR/zVsfTIsOTF?station_id=308,false,,,,,,,,
309,Friendship Blvd & Willard Ave,32040,38.96115,-77.088659,44,CREDITCARD,KEY,19,http://app.capitalbikeshare.com/vIiR/zVsfTIsOTF?station_id=309,false,,,,,,,,
310,North Capitol St & G Pl NE,31637,38.899703,-77.008911,42,CREDITCARD,KEY,19,http://app.capitalbikeshare.com/vIiR/zVsfTIsOTF?station_id=310,false,,,,,,,,
311,31st & Woodrow St S,31072,38.837666,-77.09482,41,CREDITCARD,KEY,11,http://app.capitalbikeshare.com/vIiR/zVsfTIsOTF?station_id=311,false,,,,,,,,
312,Washington Blvd & Walter Reed Dr ,31073,38.873219,-77.082104,41,CREDITCARD,KEY,15,http://app.capitalbikeshare.com/vIiR/zVsfTIsOTF?station_id=312,false,,,,,,,,
313,TJ Cmty Ctr / 2nd St & S Old Glebe Rd,31074,38.869418,-77.095596,41,CREDITCARD,KEY,15,http://app.capitalbikeshare.com/vIiR/zVsfTIsOTF?station_id=313,false,,,,,,,,
314,Connecticut Ave & Tilden St NW,31313,38.941154,-77.062036,42,CREDITCARD,KEY,15,http://app.capitalbikeshare.com/vIiR/zVsfTIsOTF?station_id=314,false,,,,,,,,
315,Medical Center Dr & Key West Ave,32041,39.103091,-77.196442,43,CREDITCARD,KEY,15,http://app.capitalbikeshare.com/vIiR/zVsfTIsOTF?station_id=315,false,,,,,,,,
316,Shady Grove Hospital,32042,39.097636,-77.196636,43,CREDITCARD,KEY,19,http://app.capitalbikeshare.com/vIiR/zVsfTIsOTF?station_id=316,false,,,,,,,,
317,Veterans Pl & Pershing Dr ,32043,38.997445,-77.023894,44,CREDITCARD,KEY,11,http://app.capitalbikeshare.com/vIiR/zVsfTIsOTF?station_id=317,false,,,,,,,,
318,Rockville Metro East,32044,39.085394,-77.145803,43,CREDITCARD,KEY,13,http://app.capitalbikeshare.com/vIiR/zVsfTIsOTF?station_id=318,false,,,,,,,,
319,1st & H St NW,31638,38.900358,-77.012108,42,CREDITCARD,KEY,15,http://app.capitalbikeshare.com/vIiR/zVsfTIsOTF?station_id=319,false,,,,,,,,
320,Fort Totten Metro,31515,38.952369,-77.002721,42,CREDITCARD,KEY,19,http://app.capitalbikeshare.com/vIiR/zVsfTIsOTF?station_id=320,false,,,,,,,,
321,Takoma Metro,31408,38.975219,-77.016855,42,CREDITCARD,KEY,19,http://app.capitalbikeshare.com/vIiR/zVsfTIsOTF?station_id=321,false,,,,,,,,
322,Rhode Island Ave Metro,31516,38.920682,-76.995876,42,CREDITCARD,KEY,19,http://app.capitalbikeshare.com/vIiR/zVsfTIsOTF?station_id=322,false,,,,,,,,
323,Rolfe St & 9th St S,31075,38.866471,-77.076131,41,CREDITCARD,KEY,11,http://app.capitalbikeshare.com/vIiR/zVsfTIsOTF?station_id=323,false,,,,,,,,
324,Shirlington Transit Center / S Quincy & Randolph St,31076,38.839912,-77.087083,41,CREDITCARD,KEY,15,http://app.capitalbikeshare.com/vIiR/zVsfTIsOTF?station_id=324,false,,,,,,,,
325,Shady Grove Metro West,32045,39.119765,-77.166093,43,CREDITCARD,KEY,19,http://app.capitalbikeshare.com/vIiR/zVsfTIsOTF?station_id=325,false,,,,,,,,
326,River Rd & Landy Ln,32046,38.964992,-77.103381,44,CREDITCARD,KEY,19,http://app.capitalbikeshare.com/vIiR/zVsfTIsOTF?station_id=326,false,,,,,,,,
327,Rockville Metro West,32047,39.084379,-77.146866,43,CREDITCARD,KEY,19,http://app.capitalbikeshare.com/vIiR/zVsfTIsOTF?station_id=327,false,,,,,,,,
328,Bethesda Metro,32048,38.984691,-77.094537,44,CREDITCARD,KEY,12,http://app.capitalbikeshare.com/vIiR/zVsfTIsOTF?station_id=328,false,,,,,,,,
329,Iwo Jima Memorial/N Meade & 14th St N,31077,38.88992,-77.071301,41,CREDITCARD,KEY,19,http://app.capitalbikeshare.com/vIiR/zVsfTIsOTF?station_id=329,false,,,,,,,,
330,34th & Water St NW,31314,38.903662690050474,-77.0676684380669,42,CREDITCARD,KEY,19,http://app.capitalbikeshare.com/vIiR/zVsfTIsOTF?station_id=330,false,,,,,,,,
331,Duke St & John Carlyle St,31081,38.804378,-77.060866,40,CREDITCARD,KEY,15,http://app.capitalbikeshare.com/vIiR/zVsfTIsOTF?station_id=331,false,,,,,,,,
332,Lee Hwy & N Cleveland St,31079,38.894941,-77.09169,41,CREDITCARD,KEY,15,http://app.capitalbikeshare.com/vIiR/zVsfTIsOTF?station_id=332,false,,,,,,,,
333,Arlington Blvd & S George Mason Dr/NFATC,31078,38.869442,-77.104503,41,CREDITCARD,KEY,15,http://app.capitalbikeshare.com/vIiR/zVsfTIsOTF?station_id=333,false,,,,,,,,
334,10th & G St NW,31274,38.89824328774852,-77.02623546123505,42,CREDITCARD,KEY,23,http://app.capitalbikeshare.com/vIiR/zVsfTIsOTF?station_id=334,false,,,,,,,,
335,Lee Hwy & N Scott St,31080,38.897612,-77.080851,41,CREDITCARD,KEY,15,http://app.capitalbikeshare.com/vIiR/zVsfTIsOTF?station_id=335,false,,,,,,,,
336,New Hampshire Ave & 24th St NW,31275,38.901755,-77.051084,42,CREDITCARD,KEY,19,http://app.capitalbikeshare.com/vIiR/zVsfTIsOTF?station_id=336,false,,,,,,,,
337,Eisenhower Ave & Mill Race Ln,31082,38.801111,-77.068952,40,CREDITCARD,KEY,15,http://app.capitalbikeshare.com/vIiR/zVsfTIsOTF?station_id=337,false,,,,,,,,
338,Potomac Greens Dr & Slaters Ln,31083,38.82175,-77.047494,40,CREDITCARD,KEY,11,http://app.capitalbikeshare.com/vIiR/zVsfTIsOTF?station_id=338,false,,,,,,,,
339,Ballenger Ave & Dulaney St,31084,38.802677,-77.063562,40,CREDITCARD,KEY,19,http://app.capitalbikeshare.com/vIiR/zVsfTIsOTF?station_id=339,false,,,,,,,,
340,Mount Vernon Ave & E Nelson Ave,31085,38.820064,-77.057619,40,CREDITCARD,KEY,11,http://app.capitalbikeshare.com/vIiR/zVsfTIsOTF?station_id=340,false,,,,,,,,
341,Mount Vernon Ave & E Del Ray Ave,31086,38.82595,-77.058541,40,CREDITCARD,KEY,15,http://app.capitalbikeshare.com/vIiR/zVsfTIsOTF?station_id=341,false,,,,,,,,
342,Monroe Ave & Leslie Ave,31087,38.820932,-77.053096,40,CREDITCARD,KEY,15,http://app.capitalbikeshare.com/vIiR/zVsfTIsOTF?station_id=342,false,,,,,,,,
343,Mount Vernon Ave & Kennedy St,31088,38.833077,-77.059821,40,CREDITCARD,KEY,15,http://app.capitalbikeshare.com/vIiR/zVsfTIsOTF?station_id=343,false,,,,,,,,
344,Court House Metro / 15th & N Uhle St ,31089,38.890612,-77.084801,41,CREDITCARD,KEY,21,http://app.capitalbikeshare.com/vIiR/zVsfTIsOTF?station_id=344,true,,,,,,,,
345,Washington Adventist U / Flower Ave & Division St,32049,38.986743,-77.000035,44,CREDITCARD,KEY,15,http://app.capitalbikeshare.com/vIiR/zVsfTIsOTF?station_id=345,false,,,,,,,,
346,6th & S Ball St,31090,38.864702,-77.048672,41,CREDITCARD,KEY,15,http://app.capitalbikeshare.com/vIiR/zVsfTIsOTF?station_id=346,false,,,,,,,,
347,McKinley St & Connecticut Ave NW,31315,38.96497,-77.075946,42,CREDITCARD,KEY,19,http://app.capitalbikeshare.com/vIiR/zVsfTIsOTF?station_id=347,false,,,,,,,,
348,15th & L St NW,31276,38.90366,-77.034846,42,CREDITCARD,KEY,23,http://app.capitalbikeshare.com/vIiR/zVsfTIsOTF?station_id=348,false,,,,,,,,
349,17th & G St NW,31277,38.89841,-77.039624,42,CREDITCARD,KEY,31,http://app.capitalbikeshare.com/vIiR/zVsfTIsOTF?station_id=349,false,,,,,,,,
350,Spring St & Second Ave,32050,38.997653,-77.034499,44,CREDITCARD,KEY,15,http://app.capitalbikeshare.com/vIiR/zVsfTIsOTF?station_id=350,false,,,,,,,,
351,18th & R St NW,31278,38.912648,-77.041834,42,CREDITCARD,KEY,19,http://app.capitalbikeshare.com/vIiR/zVsfTIsOTF?station_id=351,false,,,,,,,,
352,S Joyce & 16th St S,31091,38.859254,-77.063275,41,CREDITCARD,KEY,15,http://app.capitalbikeshare.com/vIiR/zVsfTIsOTF?station_id=352,false,,,,,,,,
353,Union Market/6th St & Neal Pl NE,31517,38.908008,-76.996985,42,CREDITCARD,KEY,23,http://app.capitalbikeshare.com/vIiR/zVsfTIsOTF?station_id=353,false,,,,,,,,
354,Lee Hwy & N Monroe St,31092,38.896456,-77.104562,41,CREDITCARD,KEY,15,http://app.capitalbikeshare.com/vIiR/zVsfTIsOTF?station_id=354,false,,,,,,,,
355,21st St N & N Pierce St,31093,38.898984,-77.078317,41,CREDITCARD,KEY,15,http://app.capitalbikeshare.com/vIiR/zVsfTIsOTF?station_id=355,false,,,,,,,,
356,Lee Hwy & N Kirkwood Rd,31094,38.895377,-77.09713,41,CREDITCARD,KEY,15,http://app.capitalbikeshare.com/vIiR/zVsfTIsOTF?station_id=356,false,,,,,,,,
357,19th & G St NW,31279,38.898412,-77.043182,42,CREDITCARD,KEY,23,http://app.capitalbikeshare.com/vIiR/zVsfTIsOTF?station_id=357,false,,,,,,,,
358,2nd St & Seaton Pl NE,31522,38.914751108831155,-77.00356006622314,42,CREDITCARD,KEY,19,http://app.capitalbikeshare.com/vIiR/zVsfTIsOTF?station_id=358,false,,,,,,,,
359,Wilson Blvd & N Illinois St ,31902,38.876528,-77.12712,41,CREDITCARD,KEY,15,http://app.capitalbikeshare.com/vIiR/zVsfTIsOTF?station_id=359,false,,,,,,,,
364,Army Navy Dr & S Nash St,31095,38.8627559143068,-77.06718474626541,41,CREDITCARD,KEY,11,http://app.capitalbikeshare.com/vIiR/zVsfTIsOTF?station_id=364,false,,,,,,,,
365,31st & Water St NW,31293,38.902814,-77.061043,42,CREDITCARD,KEY,19,http://app.capitalbikeshare.com/vIiR/zVsfTIsOTF?station_id=365,false,,,,,,,,
367,11th & S St NW,31280,38.913761,-77.027025,42,CREDITCARD,KEY,23,http://app.capitalbikeshare.com/vIiR/zVsfTIsOTF?station_id=367,false,,,,,,,,
368,S Walter Reed Dr & 8th St S,31096,38.86612,-77.08787,41,CREDITCARD,KEY,15,http://app.capitalbikeshare.com/vIiR/zVsfTIsOTF?station_id=368,false,,,,,,,,
369,2nd & G St NE,31639,38.89967,-77.003666,42,CREDITCARD,KEY,23,http://app.capitalbikeshare.com/vIiR/zVsfTIsOTF?station_id=369,false,,,,,,,,
370,8th & O St NW,31281,38.90864,-77.02277,42,CREDITCARD,KEY,19,http://app.capitalbikeshare.com/vIiR/zVsfTIsOTF?station_id=370,false,,,,,,,,
371,Georgia & Missouri Ave NW,31411,38.961339,-77.027855,42,CREDITCARD,KEY,19,http://app.capitalbikeshare.com/vIiR/zVsfTIsOTF?station_id=371,false,,,,,,,,
373,Oklahoma Ave & D St NE,31712,38.894474,-76.974828,42,CREDITCARD,KEY,19,http://app.capitalbikeshare.com/vIiR/zVsfTIsOTF?station_id=373,false,,,,,,,,
374,Maryland Ave & E St NE,31640,38.896134,-76.9929,42,CREDITCARD,KEY,19,http://app.capitalbikeshare.com/vIiR/zVsfTIsOTF?station_id=374,false,,,,,,,,
375,New York Ave & Hecht Ave NE,31518,38.915604,-76.983683,42,CREDITCARD,KEY,23,http://app.capitalbikeshare.com/vIiR/zVsfTIsOTF?station_id=375,false,,,,,,,,
376,Yuma St & Tenley Circle NW,31316,38.946182,-77.08059,42,CREDITCARD,KEY,19,http://app.capitalbikeshare.com/vIiR/zVsfTIsOTF?station_id=376,false,,,,,,,,
377,Connecticut Ave & Chevy Chase Lake Dr,32051,38.994113,-77.076986,44,CREDITCARD,KEY,15,http://app.capitalbikeshare.com/vIiR/zVsfTIsOTF?station_id=377,false,,,,,,,,
378,Key West Ave & Siesta Key Way,32052,39.105295,-77.194774,43,CREDITCARD,KEY,15,http://app.capitalbikeshare.com/vIiR/zVsfTIsOTF?station_id=378,false,,,,,,,,
379,Lee Hwy & N Woodstock St,31900,38.898301,-77.118009,41,CREDITCARD,KEY,19,http://app.capitalbikeshare.com/vIiR/zVsfTIsOTF?station_id=379,false,,,,,,,,
380,Saint Asaph & Madison St,31097,38.812718,-77.044097,40,CREDITCARD,KEY,15,http://app.capitalbikeshare.com/vIiR/zVsfTIsOTF?station_id=380,false,,,,,,,,
381,King St Metro North / Cameron St,31098,38.80704,-77.059817,40,CREDITCARD,KEY,15,http://app.capitalbikeshare.com/vIiR/zVsfTIsOTF?station_id=381,false,,,,,,,,
382,Madison & N Henry St,31099,38.813485,-77.049468,40,CREDITCARD,KEY,15,http://app.capitalbikeshare.com/vIiR/zVsfTIsOTF?station_id=382,false,,,,,,,,
383,Medical Center Metro ,32053,38.999378,-77.097882,44,CREDITCARD,KEY,19,http://app.capitalbikeshare.com/vIiR/zVsfTIsOTF?station_id=383,false,,,,,,,,
384,Washington Blvd & N Frederick St,31901,38.884829,-77.127671,41,CREDITCARD,KEY,11,http://app.capitalbikeshare.com/vIiR/zVsfTIsOTF?station_id=384,false,,,,,,,,
385,Wisconsin Ave & Ingomar St NW,31317,38.958267,-77.084636,42,CREDITCARD,KEY,19,http://app.capitalbikeshare.com/vIiR/zVsfTIsOTF?station_id=385,false,,,,,,,,
386,16th & Irving St NW,31122,38.928893,-77.03625,42,CREDITCARD,KEY,19,http://app.capitalbikeshare.com/vIiR/zVsfTIsOTF?station_id=386,false,,,,,,,,
387,16th & R St NW,31282,38.912652,-77.036278,42,CREDITCARD,KEY,19,http://app.capitalbikeshare.com/vIiR/zVsfTIsOTF?station_id=387,false,,,,,,,,
388,Lyttonsville Rd & Lyttonsville Pl,32054,38.999679,-77.051168,44,CREDITCARD,KEY,15,http://app.capitalbikeshare.com/vIiR/zVsfTIsOTF?station_id=388,false,,,,,,,,
389,Woodmont Ave & Strathmore St,32055,38.979875,-77.093522,44,CREDITCARD,KEY,11,http://app.capitalbikeshare.com/vIiR/zVsfTIsOTF?station_id=389,false,,,,,,,,
390,14th & L St NW,31283,38.903658,-77.031737,42,CREDITCARD,KEY,19,http://app.capitalbikeshare.com/vIiR/zVsfTIsOTF?station_id=390,false,,,,,,,,
391,1st & O St NW,31519,38.908643,-77.012365,42,CREDITCARD,KEY,15,http://app.capitalbikeshare.com/vIiR/zVsfTIsOTF?station_id=391,false,,,,,,,,
392,South Capitol & Atlantic St SW,31811,38.831516,-77.008133,42,CREDITCARD,KEY,19,http://app.capitalbikeshare.com/vIiR/zVsfTIsOTF?station_id=392,false,,,,,,,,
393,18th & C St NW,31284,38.893511,-77.041544,42,CREDITCARD,KEY,19,http://app.capitalbikeshare.com/vIiR/zVsfTIsOTF?station_id=393,false,,,,,,,,
394,22nd & P ST NW,31285,38.909394,-77.048728,42,CREDITCARD,KEY,19,http://app.capitalbikeshare.com/vIiR/zVsfTIsOTF?station_id=394,false,,,,,,,,
395,East West Hwy & 16th St,32056,38.995681,-77.038721,44,CREDITCARD,KEY,19,http://app.capitalbikeshare.com/vIiR/zVsfTIsOTF?station_id=395,false,,,,,,,,
396,Royal & Wilkes St,31903,38.799267,-77.0447,40,CREDITCARD,KEY,15,http://app.capitalbikeshare.com/vIiR/zVsfTIsOTF?station_id=396,false,,,,,,,,
397,14th & Girard St NW,31123,38.925284,-77.032375,42,CREDITCARD,KEY,23,http://app.capitalbikeshare.com/vIiR/zVsfTIsOTF?station_id=397,false,,,,,,,,
398,Potomac Ave & Main Line Blvd,31910,38.822738,-77.049265,40,CREDITCARD,KEY,19,http://app.capitalbikeshare.com/vIiR/zVsfTIsOTF?station_id=398,true,,,,,,,,
399,11th & O St NW,31286,38.90843,-77.02714,42,CREDITCARD,KEY,19,http://app.capitalbikeshare.com/vIiR/zVsfTIsOTF?station_id=399,false,,,,,,,,
400,10th St & L'Enfant Plaza SW,31287,38.884377,-77.025791,42,CREDITCARD,KEY,23,http://app.capitalbikeshare.com/vIiR/zVsfTIsOTF?station_id=400,false,,,,,,,,
401,Connecticut Ave & Yuma St NW,31318,38.947156,-77.065115,42,CREDITCARD,KEY,19,http://app.capitalbikeshare.com/vIiR/zVsfTIsOTF?station_id=401,false,,,,,,,,
402,2nd St & Massachusetts Ave NE,31641,38.894972,-77.003135,42,CREDITCARD,KEY,23,http://app.capitalbikeshare.com/vIiR/zVsfTIsOTF?station_id=402,false,,,,,,,,
403,Radford & Osage St,31908,38.828437,-77.086031,40,CREDITCARD,KEY,23,http://app.capitalbikeshare.com/vIiR/zVsfTIsOTF?station_id=403,true,,,,,,,,
404,East Falls Church Metro/Sycamore St & 19th St N,31904,38.884859,-77.155988,41,CREDITCARD,KEY,19,http://app.capitalbikeshare.com/vIiR/zVsfTIsOTF?station_id=404,false,,,,,,,,
405,Kennebec St & 11th St N,31905,38.880992,-77.135271,41,CREDITCARD,KEY,15,http://app.capitalbikeshare.com/vIiR/zVsfTIsOTF?station_id=405,false,,,,,,,,
406,Commonwealth Ave & Oak St,31906,38.812711,-77.061715,40,CREDITCARD,KEY,19,http://app.capitalbikeshare.com/vIiR/zVsfTIsOTF?station_id=406,true,,,,,,,,
407,Commonwealth & E Monroe Ave,31913,38.82005823354218,-77.06282079219818,40,CREDITCARD,KEY,15,http://app.capitalbikeshare.com/vIiR/zVsfTIsOTF?station_id=407,true,,,,,,,,
408,4th St & Madison Dr NW,31288,38.890493,-77.017253,42,CREDITCARD,KEY,19,http://app.capitalbikeshare.com/vIiR/zVsfTIsOTF?station_id=408,false,,,,,,,,
409,Henry Bacon Dr & Lincoln Memorial Circle NW,31289,38.890544,-77.049379,42,CREDITCARD,KEY,19,http://app.capitalbikeshare.com/vIiR/zVsfTIsOTF?station_id=409,false,,,,,,,,
410,17th St & Independence Ave SW,31290,38.888097,-77.038325,42,CREDITCARD,KEY,19,http://app.capitalbikeshare.com/vIiR/zVsfTIsOTF?station_id=410,false,,,,,,,,
411,Franklin & S Washington St,31907,38.798133,-77.0487,40,CREDITCARD,KEY,19,http://app.capitalbikeshare.com/vIiR/zVsfTIsOTF?station_id=411,true,,,,,,,,
412,Mount Vernon Ave & Four Mile Run Park,31909,38.843422,-77.064016,40,CREDITCARD,KEY,15,http://app.capitalbikeshare.com/vIiR/zVsfTIsOTF?station_id=412,true,,,,,,,,
413,New Jersey Ave & L St NW,31642,38.903598,-77.01397,42,CREDITCARD,KEY,23,http://app.capitalbikeshare.com/vIiR/zVsfTIsOTF?station_id=413,false,,,,,,,,
414,Mount Vernon Ave & Bruce St,31912,38.841291,-77.063093,40,CREDITCARD,KEY,15,http://app.capitalbikeshare.com/vIiR/zVsfTIsOTF?station_id=414,true,,,,,,,,
415,Lee Center,31914,38.797557,-77.053766,40,CREDITCARD,KEY,15,http://app.capitalbikeshare.com/vIiR/zVsfTIsOTF?station_id=415,true,,,,,,,,
416,Powhatan St & Bashford Ln,31915,38.818748,-77.047783,40,CREDITCARD,KEY,15,http://app.capitalbikeshare.com/vIiR/zVsfTIsOTF?station_id=416,true,,,,,,,,
417,Potomac & Swann Ave,31916,38.829545,-77.047844,40,CREDITCARD,KEY,19,http://app.capitalbikeshare.com/vIiR/zVsfTIsOTF?station_id=417,true,,,,,,,,
418,14th & Irving St NW,31124,38.928552,-77.032224,42,CREDITCARD,KEY,31,http://app.capitalbikeshare.com/vIiR/zVsfTIsOTF?station_id=418,false,,,,,,,,
419,16th & K St NW,31291,38.90268,-77.035737,42,CREDITCARD,KEY,23,http://app.capitalbikeshare.com/vIiR/zVsfTIsOTF?station_id=419,false,,,,,,,,
420,Wisconsin Ave & Brandywine St NW,31319,38.949813,-77.080217,42,CREDITCARD,KEY,25,http://app.capitalbikeshare.com/vIiR/zVsfTIsOTF?station_id=420,false,,,,,,,,
421,24th & R St NE / National Arboretum,31520,38.91263,-76.971923,42,CREDITCARD,KEY,19,http://app.capitalbikeshare.com/vIiR/zVsfTIsOTF?station_id=421,false,,,,,,,,
422,Division Ave & Foote St NE,31713,38.897407,-76.925907,42,CREDITCARD,KEY,15,http://app.capitalbikeshare.com/vIiR/zVsfTIsOTF?station_id=422,false,,,,,,,,
423,16th & Q St SE / Anacostia HS,31812,38.870695,-76.982359,42,CREDITCARD,KEY,23,http://app.capitalbikeshare.com/vIiR/zVsfTIsOTF?station_id=423,false,,,,,,,,
424,Spring Hill Metro,32200,38.929261,-77.240654,104,CREDITCARD,KEY,15,http://app.capitalbikeshare.com/vIiR/zVsfTIsOTF?station_id=424,true,,,,,,,,
425,Westpark Dr & Leesburg Pike,32201,38.92403,-77.235955,104,CREDITCARD,KEY,11,http://app.capitalbikeshare.com/vIiR/zVsfTIsOTF?station_id=425,true,,,,,,,,
427,Tysons One Pl & Chain Bridge Rd,32203,38.919475,-77.221179,104,CREDITCARD,KEY,11,http://app.capitalbikeshare.com/vIiR/zVsfTIsOTF?station_id=427,true,,,,,,,,
428,Tysons Corner Station,32204,38.920939,-77.222115,104,CREDITCARD,KEY,11,http://app.capitalbikeshare.com/vIiR/zVsfTIsOTF?station_id=428,true,,,,,,,,
429,Westpark & Jones Branch Dr,32205,38.924437,-77.217664,104,CREDITCARD,KEY,11,http://app.capitalbikeshare.com/vIiR/zVsfTIsOTF?station_id=429,true,,,,,,,,
430,Jones Branch & Westbranch Dr,32206,38.931911,-77.219261,104,CREDITCARD,KEY,13,http://app.capitalbikeshare.com/vIiR/zVsfTIsOTF?station_id=430,true,,,,,,,,
431,Westpark & Park Run Dr,32207,38.928919,-77.225394,104,CREDITCARD,KEY,11,http://app.capitalbikeshare.com/vIiR/zVsfTIsOTF?station_id=431,true,,,,,,,,
432,Tysons West Transit Center,32208,38.932636,-77.231825,104,CREDITCARD,KEY,11,http://app.capitalbikeshare.com/vIiR/zVsfTIsOTF?station_id=432,true,,,,,,,,
433,North Shore & Cameron Crescent Dr/Crescent Apartments,32209,38.970046,-77.338686,104,CREDITCARD,KEY,11,http://app.capitalbikeshare.com/vIiR/zVsfTIsOTF?station_id=433,true,,,,,,,,
434,Town Center Pkwy & Bowman Towne Dr,32210,38.962524,-77.361902,104,CREDITCARD,KEY,15,http://app.capitalbikeshare.com/vIiR/zVsfTIsOTF?station_id=434,true,,,,,,,,
435,Reston Regional Library,32211,38.962095,-77.358815,104,CREDITCARD,KEY,15,http://app.capitalbikeshare.com/vIiR/zVsfTIsOTF?station_id=435,true,,,,,,,,
436,New Dominion Pkwy & Fountain Dr,32212,38.960574,-77.356324,104,CREDITCARD,KEY,15,http://app.capitalbikeshare.com/vIiR/zVsfTIsOTF?station_id=436,true,,,,,,,,
437,Sunset Hills & Old Reston Ave,32213,38.955079,-77.351649,104,CREDITCARD,KEY,15,http://app.capitalbikeshare.com/vIiR/zVsfTIsOTF?station_id=437,true,,,,,,,,
438,Reston Town Center Transit Station,32214,38.957037,-77.359718,104,CREDITCARD,KEY,17,http://app.capitalbikeshare.com/vIiR/zVsfTIsOTF?station_id=438,true,,,,,,,,
439,1st & D St SE,31643,38.884916,-77.005965,42,CREDITCARD,KEY,19,http://app.capitalbikeshare.com/vIiR/zVsfTIsOTF?station_id=439,false,,,,,,,,
440,Reston Station,32215,38.948363,-77.338119,104,CREDITCARD,KEY,35,http://app.capitalbikeshare.com/vIiR/zVsfTIsOTF?station_id=440,true,,,,,,,,
441,Library St & Freedom Dr,32216,38.959633,-77.358741,104,CREDITCARD,KEY,19,http://app.capitalbikeshare.com/vIiR/zVsfTIsOTF?station_id=441,true,,,,,,,,
442,Sunset Hills Rd & Discovery Square,32217,38.95534,-77.357611,104,CREDITCARD,KEY,15,http://app.capitalbikeshare.com/vIiR/zVsfTIsOTF?station_id=442,true,,,,,,,,
443,22nd St & Constitution Ave NW,31292,38.892441,-77.048947,42,CREDITCARD,KEY,23,http://app.capitalbikeshare.com/vIiR/zVsfTIsOTF?station_id=443,false,,,,,,,,
444,61st St & Banks Pl NE,31714,38.891805,-76.913563,42,CREDITCARD,KEY,19,http://app.capitalbikeshare.com/vIiR/zVsfTIsOTF?station_id=444,false,,,,,,,,
445,Temporary Rd & Old Reston Ave,32218,38.960084,-77.353414,104,CREDITCARD,KEY,15,http://app.capitalbikeshare.com/vIiR/zVsfTIsOTF?station_id=445,true,,,,,,,,
446,Reston YMCA,32219,38.955314,-77.368416,104,CREDITCARD,KEY,15,http://app.capitalbikeshare.com/vIiR/zVsfTIsOTF?station_id=446,true,,,,,,,,
447,Sunset Hills Rd & Isaac Newton Square,32220,38.951443,-77.340377,104,CREDITCARD,KEY,11,http://app.capitalbikeshare.com/vIiR/zVsfTIsOTF?station_id=447,true,,,,,,,,
448,N Lynn St & Fairfax Dr,31917,38.89386,-77.070862,41,CREDITCARD,KEY,15,http://app.capitalbikeshare.com/vIiR/zVsfTIsOTF?station_id=448,false,,,,,,,,
449,Georgia Ave & Piney Branch Rd NW,31414,38.967505,-77.027976,42,CREDITCARD,KEY,15,http://app.capitalbikeshare.com/vIiR/zVsfTIsOTF?station_id=449,false,,,,,,,,
450,Greensboro & International Dr,32221,38.923083,-77.227417,104,CREDITCARD,KEY,11,http://app.capitalbikeshare.com/vIiR/zVsfTIsOTF?station_id=450,true,,,,,,,,
451,Madison & Fairfax St,31918,38.812351,-77.040691,40,CREDITCARD,KEY,15,http://app.capitalbikeshare.com/vIiR/zVsfTIsOTF?station_id=451,false,,,,,,,,
452,Sligo Ave & Carroll Ln,32058,38.990874,-77.016311,44,CREDITCARD,KEY,15,http://app.capitalbikeshare.com/vIiR/zVsfTIsOTF?station_id=452,false,,,,,,,,
453,15th & W St NW,31125,38.919086,-77.034502,42,CREDITCARD,KEY,19,http://app.capitalbikeshare.com/vIiR/zVsfTIsOTF?station_id=453,false,,,,,,,,
454,12th St & Pennsylvania Ave SE,31644,38.882489,-76.990121,42,CREDITCARD,KEY,19,http://app.capitalbikeshare.com/vIiR/zVsfTIsOTF?station_id=454,false,,,,,,,,
455,3rd St & Riggs Rd NE,31412,38.957463,-77.002239,42,CREDITCARD,KEY,15,http://app.capitalbikeshare.com/vIiR/zVsfTIsOTF?station_id=455,false,,,,,,,,
456,Carlin Springs Rd & N Thomas St,31919,38.876695,-77.112982,41,CREDITCARD,KEY,15,http://app.capitalbikeshare.com/vIiR/zVsfTIsOTF?station_id=456,false,,,,,,,,
457,Towers Crescent Dr & Tysons One Pl,32222,38.915246,-77.220157,104,CREDITCARD,KEY,11,http://app.capitalbikeshare.com/vIiR/zVsfTIsOTF?station_id=457,true,,,,,,,,
458,6th & K St NE,31645,38.9028773031307,-76.99840486049652,42,CREDITCARD,KEY,19,http://app.capitalbikeshare.com/vIiR/zVsfTIsOTF?station_id=458,false,,,,,,,,
459,Pooks Hill Rd & Linden Ave,32057,39.014716,-77.107143,44,CREDITCARD,KEY,15,http://app.capitalbikeshare.com/vIiR/zVsfTIsOTF?station_id=459,false,,,,,,,,
460,Takoma Park Rec Center,32059,38.98265,-76.988311,44,CREDITCARD,KEY,15,http://app.capitalbikeshare.com/vIiR/zVsfTIsOTF?station_id=460,true,,,,,,,,
461,New Hampshire & Kirklynn Ave,32061,38.988101,-76.988422,44,CREDITCARD,KEY,15,http://app.capitalbikeshare.com/vIiR/zVsfTIsOTF?station_id=461,true,,,,,,,,
462,Wheaton Metro/Georgia Ave & Reedie Dr,32062,39.038341,-77.051023,44,CREDITCARD,KEY,19,http://app.capitalbikeshare.com/vIiR/zVsfTIsOTF?station_id=462,true,,,,,,,,
463,Amherst Ave & Elkins St,32063,39.044887,-77.047788,44,CREDITCARD,KEY,15,http://app.capitalbikeshare.com/vIiR/zVsfTIsOTF?station_id=463,true,,,,,,,,
464,Amherst Ave & Prichard Rd,32064,39.035965,-77.048395,44,CREDITCARD,KEY,15,http://app.capitalbikeshare.com/vIiR/zVsfTIsOTF?station_id=464,true,,,,,,,,
465,Grandview & Blueridge Ave,32065,39.043272,-77.053085,44,CREDITCARD,KEY,15,http://app.capitalbikeshare.com/vIiR/zVsfTIsOTF?station_id=465,true,,,,,,,,
466,Windham Ln & Amherst Ave,32066,39.032029,-77.04735,44,CREDITCARD,KEY,15,http://app.capitalbikeshare.com/vIiR/zVsfTIsOTF?station_id=466,true,,,,,,,,
467,North Shore Dr & Village Rd,32223,38.970412,-77.340787,104,CREDITCARD,KEY,11,http://app.capitalbikeshare.com/vIiR/zVsfTIsOTF?station_id=467,true,,,,,,,,
468,Town Center Pkwy & Sunset Hills Rd,32224,38.955170598044894,-77.3630940914154,104,CREDITCARD,KEY,11,http://app.capitalbikeshare.com/vIiR/zVsfTIsOTF?station_id=468,true,,,,,,,,
469,3rd & Underwood St NW,31413,38.968834,-77.016258,42,CREDITCARD,KEY,19,http://app.capitalbikeshare.com/vIiR/zVsfTIsOTF?station_id=469,false,,,,,,,,
470,18th & Monroe St NE,31521,38.93293,-76.979517,42,CREDITCARD,KEY,19,http://app.capitalbikeshare.com/vIiR/zVsfTIsOTF?station_id=470,false,,,,,,,,
471,7th & E St SW,31294,38.88345,-77.021741,42,CREDITCARD,KEY,19,http://app.capitalbikeshare.com/vIiR/zVsfTIsOTF?station_id=471,false,,,,,,,,
472,Shady Grove Metro East,32067,39.121327,-77.164969,43,CREDITCARD,KEY,19,http://app.capitalbikeshare.com/vIiR/zVsfTIsOTF?station_id=472,true,,,,,,,,
473,Potomac & M St NW,31295,38.905368,-77.065149,42,CREDITCARD,KEY,19,http://app.capitalbikeshare.com/vIiR/zVsfTIsOTF?station_id=473,false,,,,,,,,
474,Columbia & Ontario Rd NW,31296,38.924088,-77.040787,42,CREDITCARD,KEY,23,http://app.capitalbikeshare.com/vIiR/zVsfTIsOTF?station_id=474,false,,,,,,,,
475,Washington-Lee High School / N Stafford St & Generals Way,31920,38.888282,-77.111066,41,CREDITCARD,KEY,15,http://app.capitalbikeshare.com/vIiR/zVsfTIsOTF?station_id=475,false,,,,,,,,
476,Westover Library / Washington Blvd & N McKinley Rd,31921,38.886048,-77.142317,41,CREDITCARD,KEY,15,http://app.capitalbikeshare.com/vIiR/zVsfTIsOTF?station_id=476,false,,,,,,,,
477,Columbia Pike & S Taylor St,31923,38.858524,-77.103728,41,CREDITCARD,KEY,15,http://app.capitalbikeshare.com/vIiR/zVsfTIsOTF?station_id=477,false,,,,,,,,
478,Columbus Ave & Tribeca St,32068,39.126,-77.1673,43,CREDITCARD,KEY,11,http://app.capitalbikeshare.com/vIiR/zVsfTIsOTF?station_id=478,true,,,,,,,,
479,Columbus Ave & Gramercy Blvd,32069,39.12333,-77.16486,43,CREDITCARD,KEY,11,http://app.capitalbikeshare.com/vIiR/zVsfTIsOTF?station_id=479,true,,,,,,,,
480,Reston Pkwy & Spectrum Dr,32225,38.964207741006206,-77.35428035259247,104,CREDITCARD,KEY,15,http://app.capitalbikeshare.com/vIiR/zVsfTIsOTF?station_id=480,true,,,,,,,,
481,Key West Ave & Great Seneca Hwy,32070,39.105642,-77.20386,43,CREDITCARD,KEY,11,http://app.capitalbikeshare.com/vIiR/zVsfTIsOTF?station_id=481,true,,,,,,,,
482,Virginia Ave & 25th St NW,31297,38.8995,-77.054155,42,CREDITCARD,KEY,19,http://app.capitalbikeshare.com/vIiR/zVsfTIsOTF?station_id=482,false,,,,,,,,
483,15th & M St NW,31298,38.905424,-77.034674,42,CREDITCARD,KEY,19,http://app.capitalbikeshare.com/vIiR/zVsfTIsOTF?station_id=483,true,,,,,,,,
484,11th & Girard St NW,31126,38.925636,-77.027112,42,CREDITCARD,KEY,19,http://app.capitalbikeshare.com/vIiR/zVsfTIsOTF?station_id=484,true,,,,,,,,
485,Connecticut Ave & R St NW,31299,38.912644,-77.04564,42,CREDITCARD,KEY,19,http://app.capitalbikeshare.com/vIiR/zVsfTIsOTF?station_id=485,true,,,,,,,,
486,Wilson Blvd & N Troy St,31924,38.892556,-77.082089,41,CREDITCARD,KEY,15,http://app.capitalbikeshare.com/vIiR/zVsfTIsOTF?station_id=486,false,,,,,,,,
487,Nebraska Ave/AU East Campus,31320,38.936298,-77.087128,42,CREDITCARD,KEY,19,http://app.capitalbikeshare.com/vIiR/zVsfTIsOTF?station_id=487,true,,,,,,,,
488,15th St & Constitution Ave NW,31321,38.892244,-77.033234,42,CREDITCARD,KEY,19,http://app.capitalbikeshare.com/vIiR/zVsfTIsOTF?station_id=488,true,,,,,,,,
489,22nd & H St NW,31127,38.899104,-77.048946,42,CREDITCARD,KEY,17,http://app.capitalbikeshare.com/vIiR/zVsfTIsOTF?station_id=489,true,,,,,,,,
490,23rd & M St NW,31128,38.905303,-77.050264,42,CREDITCARD,KEY,19,http://app.capitalbikeshare.com/vIiR/zVsfTIsOTF?station_id=490,true,,,,,,,,
491,Corporate Blvd & Omega Dr,32071,39.106971,-77.192645,43,CREDITCARD,KEY,15,http://app.capitalbikeshare.com/vIiR/zVsfTIsOTF?station_id=491,true,,,,,,,,
492,Key West Ave & Diamondback Dr,32072,39.106152,-77.202354,43,CREDITCARD,KEY,11,http://app.capitalbikeshare.com/vIiR/zVsfTIsOTF?station_id=492,true,,,,,,,,
493,Alabama Ave & Stanton Rd SE / Shops at Park Village,31813,38.84627,-76.98185,42,CREDITCARD,KEY,19,http://app.capitalbikeshare.com/vIiR/zVsfTIsOTF?station_id=493,true,,,,,,,,
494,Mississippi Ave & 19th St SE / THEARC,31814,38.84377,-76.97557,42,CREDITCARD,KEY,19,http://app.capitalbikeshare.com/vIiR/zVsfTIsOTF?station_id=494,true,,,,,,,,
495,19th & Savannah St SE,31815,38.84623,-76.97703,42,CREDITCARD,KEY,11,http://app.capitalbikeshare.com/vIiR/zVsfTIsOTF?station_id=495,true,,,,,,,,
496,4th St & Mississippi Ave SE,31816,38.836,-77.0009,42,CREDITCARD,KEY,19,http://app.capitalbikeshare.com/vIiR/zVsfTIsOTF?station_id=496,true,,,,,,,,
497,1st & S Capitol St SE / Oxon Run Trail,31817,38.824481,-77.005497,42,CREDITCARD,KEY,19,http://app.capitalbikeshare.com/vIiR/zVsfTIsOTF?station_id=497,true,,,,,,,,
498,Livingston Rd & 3rd St SE,31818,38.82373,-77.00223,42,CREDITCARD,KEY,15,http://app.capitalbikeshare.com/vIiR/zVsfTIsOTF?station_id=498,true,,,,,,,,
499,Joliet St & MLK Ave SW/Bald Eagle Rec Ctr,31819,38.81909,-77.01033,42,CREDITCARD,KEY,19,http://app.capitalbikeshare.com/vIiR/zVsfTIsOTF?station_id=499,true,,,,,,,,
500,37th & Ely Pl SE / Fort Dupont Ice Arena,31715,38.883011,-76.949709,42,CREDITCARD,KEY,15,http://app.capitalbikeshare.com/vIiR/zVsfTIsOTF?station_id=500,true,,,,,,,,
501,15th St & Pennsylvania Ave NW/Pershing Park,31129,38.89635,-77.03338,42,CREDITCARD,KEY,19,http://app.capitalbikeshare.com/vIiR/zVsfTIsOTF?station_id=501,true,,,,,,,,
